NM_UE,FEMININO,MASCULINO
ABADIA DE GOIÁS,24,48
ABADIA DOS DOURADOS,18,33
ABADIÂNIA,36,64
ABAETETUBA,85,160
ABAETÉ,27,62
ABAIARA,13,26
ABARÉ,16,29
ABATIÁ,26,47
ABAÍRA,8,19
ABDON BATISTA,12,21
ABEL FIGUEIREDO,22,41
ABELARDO LUZ,20,44
ABRE CAMPO,15,39
ABREU E LIMA,71,130
ABREULÂNDIA,7,10
ACAIACA,27,58
ACAJUTIBA,18,45
ACARAPE,21,41
ACARAÚ,27,53
ACARI,15,21
ACARÁ,56,115
ACAUÃ,6,13
ACEGUÁ,19,40
ACOPIARA,26,38
ACORIZAL,11,23
ACRELÂNDIA,15,38
ACREÚNA,22,44
ADAMANTINA,35,76
ADELÂNDIA,11,22
ADOLFO,15,33
ADRIANÓPOLIS,13,26
ADUSTINA,13,30
AFOGADOS DA INGAZEIRA,35,62
AFONSO BEZERRA,15,32
AFONSO CLÁUDIO,44,91
AFONSO CUNHA,15,33
AFRÂNIO,10,22
AFUÁ,30,63
AGRESTINA,21,41
AGRICOLÂNDIA,12,24
AGROLÂNDIA,11,30
AGRONÔMICA,14,29
AGUANIL,13,30
AGUAÍ,56,103
AGUDO,23,49
AGUDOS,57,109
AGUDOS DO SUL,30,67
AGUIAR,4,12
AGUIARNÓPOLIS,16,27
AIMORÉS,34,65
AIQUARA,10,22
AIUABA,6,18
AIURUOCA,14,31
AJURICABA,16,23
ALAGOA,11,21
ALAGOA GRANDE,31,59
ALAGOA NOVA,12,26
ALAGOINHA,29,53
ALAGOINHA DO PIAUÍ,6,17
ALAGOINHAS,76,149
ALAMBARI,16,32
ALBERTINA,20,38
ALCANTIL,9,23
ALCINÓPOLIS,14,29
ALCOBAÇA,47,82
ALCÂNTARA,62,99
ALCÂNTARAS,9,15
ALDEIAS ALTAS,25,52
ALECRIM,10,14
ALEGRE,28,53
ALEGRETE,39,77
ALEGRETE DO PIAUÍ,6,18
ALEGRIA,10,20
ALENQUER,59,120
ALEXANDRIA,13,26
ALEXÂNIA,56,94
ALFENAS,81,160
ALFREDO CHAVES,24,52
ALFREDO MARCONDES,17,34
ALFREDO VASCONCELOS,23,49
ALFREDO WAGNER,13,31
ALGODÃO DE JANDAÍRA,7,16
ALHANDRA,30,53
ALIANÇA,37,64
ALIANÇA DO TOCANTINS,18,33
ALMADINA,14,33
ALMAS,16,32
ALMEIRIM,46,92
ALMENARA,43,87
ALMINO AFONSO,8,14
ALMIRANTE TAMANDARÉ,87,183
ALMIRANTE TAMANDARÉ DO SUL,13,14
ALOÂNDIA,4,13
ALPERCATA,15,36
ALPESTRE,9,19
ALPINÓPOLIS,34,64
ALTA FLORESTA,45,87
ALTA FLORESTA D'OESTE,22,48
ALTAIR,24,42
ALTAMIRA,75,147
ALTAMIRA DO MARANHÃO,10,16
ALTAMIRA DO PARANÁ,20,29
ALTANEIRA,9,11
ALTEROSA,20,44
ALTINHO,26,58
ALTINÓPOLIS,34,61
ALTO ALEGRE,45,86
ALTO ALEGRE DO MARANHÃO,23,42
ALTO ALEGRE DO PINDARÉ,19,37
ALTO ALEGRE DOS PARECIS,16,38
ALTO ARAGUAIA,30,58
ALTO BELA VISTA,9,20
ALTO BOA VISTA,16,31
ALTO CAPARAÓ,14,28
ALTO DO RODRIGUES,14,21
ALTO FELIZ,12,21
ALTO GARÇAS,17,28
ALTO HORIZONTE,26,34
ALTO JEQUITIBÁ,19,44
ALTO LONGÁ,8,18
ALTO PARAGUAI,18,36
ALTO PARANÁ,31,66
ALTO PARAÍSO,40,77
ALTO PARAÍSO DE GOIÁS,33,48
ALTO PARNAÍBA,17,42
ALTO PIQUIRI,20,42
ALTO RIO DOCE,24,47
ALTO RIO NOVO,18,40
ALTO SANTO,20,33
ALTO TAQUARI,22,43
ALTOS,34,63
ALTÔNIA,23,49
ALUMÍNIO,43,93
ALVARENGA,13,24
ALVARÃES,35,65
ALVINLÂNDIA,9,20
ALVINÓPOLIS,37,74
ALVORADA,132,241
ALVORADA DE MINAS,15,35
ALVORADA DO GURGUÉIA,14,21
ALVORADA DO NORTE,16,37
ALVORADA DO OESTE,18,36
ALVORADA DO SUL,22,52
ALÉM PARAÍBA,53,94
AMAJARI,25,32
AMAMBAI,58,102
AMAPORÃ,36,55
AMAPÁ,27,43
AMAPÁ DO MARANHÃO,15,22
AMARAJI,22,46
AMARAL FERRADOR,16,30
AMARALINA,14,26
AMARANTE,28,55
AMARANTE DO MARANHÃO,33,55
AMARGOSA,35,74
AMATURÁ,29,64
AMERICANA,90,188
AMERICANO DO BRASIL,20,33
AMETISTA DO SUL,11,25
AMONTADA,33,65
AMORINÓPOLIS,16,32
AMPARO,72,142
AMPARO DE SÃO FRANCISCO,10,20
AMPARO DO SERRA,20,45
AMPÉRE,29,52
AMÉLIA RODRIGUES,44,83
AMÉRICA DOURADA,13,35
AMÉRICO BRASILIENSE,59,102
AMÉRICO DE CAMPOS,13,20
ANADIA,9,21
ANAGÉ,31,50
ANAHY,15,31
ANAJATUBA,34,51
ANAJÁS,34,64
ANALÂNDIA,24,52
ANAMÃ,26,37
ANANINDEUA,146,263
ANANÁS,23,38
ANAPU,53,81
ANAPURUS,13,26
ANASTÁCIO,45,70
ANAURILÂNDIA,21,41
ANCHIETA,48,97
ANDARAÍ,14,26
ANDIRÁ,39,80
ANDORINHA,23,47
ANDRADAS,49,85
ANDRADINA,79,154
ANDRELÂNDIA,28,59
ANDRÉ DA ROCHA,11,19
ANGATUBA,41,78
ANGELIM,14,30
ANGELINA,18,31
ANGELÂNDIA,19,47
ANGICAL,42,60
ANGICAL DO PIAUÍ,12,26
ANGICO,10,16
ANGICOS,14,26
ANGRA DOS REIS,81,166
ANGUERA,11,23
ANGÉLICA,24,45
ANHANGÜERA,11,25
ANHEMBI,24,53
ANHUMAS,13,20
ANICUNS,37,69
ANITA GARIBALDI,17,33
ANITÁPOLIS,9,18
ANORI,11,25
ANTA GORDA,8,19
ANTAS,12,18
ANTONINA,46,84
ANTONINA DO NORTE,10,16
ANTONIO OLINTO,20,46
ANTÔNIO ALMEIDA,8,18
ANTÔNIO CARDOSO,22,42
ANTÔNIO CARLOS,45,100
ANTÔNIO DIAS,25,58
ANTÔNIO GONÇALVES,21,33
ANTÔNIO JOÃO,23,37
ANTÔNIO MARTINS,7,11
ANTÔNIO PRADO,12,28
ANTÔNIO PRADO DE MINAS,9,24
ANÁPOLIS,136,257
ANÍSIO DE ABREU,7,17
APARECIDA,45,98
APARECIDA D'OESTE,11,31
APARECIDA DE GOIÂNIA,167,327
APARECIDA DO RIO DOCE,12,23
APARECIDA DO RIO NEGRO,13,27
APARECIDA DO TABOADO,37,75
APERIBÉ,22,38
APIACÁ,18,44
APIACÁS,18,29
APIAÍ,38,80
APICUM-AÇU,20,42
APIÚNA,13,26
APODI,27,46
APORÁ,23,45
APORÉ,12,27
APUAREMA,15,32
APUCARANA,57,113
APUIARÉS,21,29
APUÍ,42,85
AQUIDABÃ,24,30
AQUIDAUANA,41,74
AQUIRAZ,28,53
ARABUTÃ,10,23
ARACAJU,173,325
ARACATI,42,72
ARACATU,11,21
ARACI,42,70
ARACITABA,8,16
ARACOIABA,33,59
ARACRUZ,76,153
ARAGARÇAS,41,69
ARAGOIÂNIA,27,61
ARAGOMINAS,15,25
ARAGUACEMA,14,27
ARAGUAIANA,13,31
ARAGUAINHA,12,25
ARAGUANÃ,27,52
ARAGUAPAZ,21,43
ARAGUARI,58,109
ARAGUATINS,32,56
ARAGUAÇU,29,36
ARAGUAÍNA,70,142
ARAIOSES,39,63
ARAL MOREIRA,26,36
ARAMARI,26,62
ARAMBARÉ,26,45
ARAME,24,34
ARAMINA,21,44
ARANDU,25,50
ARANTINA,17,28
ARAPEÍ,19,41
ARAPIRACA,82,152
ARAPOEMA,16,31
ARAPONGA,18,37
ARAPONGAS,77,170
ARAPORÃ,18,42
ARAPOTI,30,72
ARAPUTANGA,33,58
ARAPUÁ,10,24
ARAPUÃ,16,19
ARAQUARI,73,119
ARARA,7,17
ARARANGUÁ,50,93
ARARAQUARA,101,178
ARARAS,78,138
ARARENDÁ,12,20
ARARI,36,74
ARARICÁ,29,45
ARARIPE,20,42
ARARIPINA,43,86
ARARUAMA,108,177
ARARUNA,46,96
ARATACA,20,43
ARATIBA,11,18
ARATUBA,20,43
ARATUÍPE,19,40
ARAUCÁRIA,86,160
ARAUÁ,14,29
ARAXÁ,83,164
ARAÇAGI,14,23
ARAÇARIGUAMA,47,88
ARAÇATUBA,92,181
ARAÇAÍ,12,28
ARAÇOIABA,36,74
ARAÇOIABA DA SERRA,49,91
ARAÇU,12,28
ARAÇUAÍ,30,57
ARAÇÁS,21,53
ARAÚJOS,22,44
ARCEBURGO,23,44
ARCO-ÍRIS,18,33
ARCOS,36,78
ARCOVERDE,33,61
AREADO,25,47
AREAL,31,66
AREALVA,18,41
AREIA,37,61
AREIA BRANCA,49,102
AREIA DE BARAÚNAS,8,17
AREIAL,17,32
AREIAS,18,44
AREIÓPOLIS,24,57
ARENÁPOLIS,24,47
ARENÓPOLIS,13,21
AREZ,13,23
ARGIRITA,15,34
ARICANDUVA,13,30
ARINOS,38,75
ARIPUANÃ,37,66
ARIQUEMES,53,99
ARIRANHA,17,36
ARIRANHA DO IVAÍ,19,30
ARMAZÉM,18,33
ARMAÇÃO DOS BÚZIOS,35,77
ARNEIROZ,10,17
AROAZES,11,25
AROEIRAS,20,44
AROEIRAS DO ITAIM,8,21
ARRAIAL,6,16
ARRAIAL DO CABO,42,95
ARRAIAS,19,39
ARROIO DO MEIO,35,56
ARROIO DO PADRE,11,19
ARROIO DO SAL,27,47
ARROIO DO TIGRE,8,19
ARROIO DOS RATOS,33,64
ARROIO GRANDE,19,37
ARROIO TRINTA,8,13
ARTUR NOGUEIRA,87,158
ARUANÃ,21,51
ARUJÁ,58,106
ARVOREDO,12,22
ARVOREZINHA,15,24
ASCURRA,13,31
ASPÁSIA,11,20
ASSARÉ,12,30
ASSAÍ,26,59
ASSIS,89,170
ASSIS BRASIL,25,48
ASSIS CHATEAUBRIAND,40,76
ASSUNÇÃO,9,17
ASSUNÇÃO DO PIAUÍ,7,16
ASSÚ,39,54
ASTOLFO DUTRA,29,68
ASTORGA,55,103
ATALAIA,30,56
ATALAIA DO NORTE,26,53
ATALANTA,8,16
ATALÉIA,22,57
ATIBAIA,85,146
ATÍLIO VIVÁCQUA,35,54
AUGUSTINÓPOLIS,31,53
AUGUSTO CORRÊA,37,65
AUGUSTO DE LIMA,20,52
AUGUSTO PESTANA,8,17
AURELINO LEAL,19,43
AURIFLAMA,27,56
AURILÂNDIA,13,30
AURORA,25,47
AURORA DO PARÁ,19,32
AURORA DO TOCANTINS,12,29
AUTAZES,53,94
AVANHANDAVA,22,47
AVARÉ,59,112
AVAÍ,7,15
AVEIRO,42,85
AVELINO LOPES,9,22
AVELINÓPOLIS,13,31
AXIXÁ,27,49
AXIXÁ DO TOCANTINS,19,34
AÇAILÂNDIA,84,153
AÇUCENA,29,56
BABAÇULÂNDIA,12,21
BACABAL,62,108
BACABEIRA,27,48
BACURI,21,42
BACURITUBA,25,46
BADY BASSITT,57,98
BAEPENDI,33,59
BAGRE,19,37
BAGÉ,64,118
BAIANÓPOLIS,20,36
BAIXA GRANDE,25,49
BAIXA GRANDE DO RIBEIRO,11,23
BAIXIO,11,17
BAIXO GUANDU,71,143
BAIÃO,42,73
BALBINOS,6,14
BALDIM,22,48
BALIZA,19,27
BALNEÁRIO ARROIO DO SILVA,19,36
BALNEÁRIO BARRA DO SUL,27,59
BALNEÁRIO CAMBORIÚ,83,151
BALNEÁRIO GAIVOTA,34,60
BALNEÁRIO PINHAL,45,74
BALNEÁRIO PIÇARRAS,36,70
BALNEÁRIO RINCÃO,24,43
BALSA NOVA,24,54
BALSAS,55,111
BAMBUÍ,57,112
BANABUIÚ,24,44
BANANAL,32,65
BANANEIRAS,11,17
BANDEIRA,10,19
BANDEIRA DO SUL,17,36
BANDEIRANTE,14,28
BANDEIRANTES,86,146
BANDEIRANTES DO TOCANTINS,9,21
BANNACH,26,48
BANZAÊ,15,30
BARAÚNA,28,45
BARBACENA,78,176
BARBALHA,44,89
BARBOSA,17,29
BARBOSA FERRAZ,28,53
BARCARENA,67,112
BARCELONA,9,22
BARCELOS,35,72
BARIRI,45,96
BARRA,44,99
BARRA BONITA,75,125
BARRA D'ALCÂNTARA,8,16
BARRA DA ESTIVA,14,31
BARRA DE GUABIRABA,9,20
BARRA DE SANTA ROSA,15,35
BARRA DE SANTANA,11,27
BARRA DE SANTO ANTÔNIO,34,65
BARRA DE SÃO FRANCISCO,45,84
BARRA DE SÃO MIGUEL,31,62
BARRA DO BUGRES,43,84
BARRA DO CHAPÉU,24,35
BARRA DO CHOÇA,37,72
BARRA DO CORDA,47,90
BARRA DO GARÇAS,56,115
BARRA DO GUARITA,7,17
BARRA DO JACARÉ,14,29
BARRA DO MENDES,14,27
BARRA DO OURO,11,18
BARRA DO PIRAÍ,82,155
BARRA DO QUARAÍ,12,26
BARRA DO RIBEIRO,34,49
BARRA DO RIO AZUL,10,20
BARRA DO ROCHA,12,27
BARRA DO TURVO,18,33
BARRA DOS COQUEIROS,56,90
BARRA FUNDA,5,12
BARRA LONGA,12,31
BARRA MANSA,109,232
BARRA VELHA,51,95
BARRACÃO,22,49
BARRAS,24,43
BARREIRA,22,41
BARREIRAS,98,199
BARREIRAS DO PIAUÍ,11,27
BARREIRINHA,35,66
BARREIRINHAS,59,108
BARREIROS,45,85
BARRETOS,90,174
BARRINHA,73,138
BARRO,15,35
BARRO ALTO,34,71
BARRO DURO,17,22
BARRO PRETO,28,52
BARROCAS,22,51
BARROLÂNDIA,17,25
BARROQUINHA,11,20
BARROS CASSAL,11,25
BARROSO,24,58
BARUERI,137,266
BARÃO,12,22
BARÃO DE ANTONINA,15,25
BARÃO DE COCAIS,56,127
BARÃO DE COTEGIPE,11,23
BARÃO DE GRAJAÚ,20,39
BARÃO DE MELGAÇO,20,46
BARÃO DE MONTE ALTO,19,40
BARÃO DO TRIUNFO,17,32
BASTOS,44,89
BATAGUASSU,53,90
BATALHA,31,54
BATATAIS,61,113
BATAYPORÃ,33,69
BATURITÉ,32,65
BAURU,127,239
BAYEUX,67,130
BAÍA DA TRAIÇÃO,21,38
BAÍA FORMOSA,18,35
BEBEDOURO,57,107
BEBERIBE,57,85
BELA CRUZ,21,48
BELA VISTA,37,65
BELA VISTA DA CAROBA,10,22
BELA VISTA DE GOIÁS,51,93
BELA VISTA DE MINAS,34,68
BELA VISTA DO MARANHÃO,14,32
BELA VISTA DO PARAÍSO,22,46
BELA VISTA DO PIAUÍ,6,12
BELA VISTA DO TOLDO,19,46
BELFORD ROXO,129,282
BELMIRO BRAGA,17,31
BELMONTE,46,87
BELO CAMPO,13,31
BELO HORIZONTE,305,582
BELO JARDIM,35,83
BELO MONTE,9,16
BELO ORIENTE,49,98
BELO VALE,25,52
BELTERRA,32,60
BELÁGUA,17,25
BELÉM,226,442
BELÉM DE MARIA,12,30
BELÉM DO BREJO DO CRUZ,8,15
BELÉM DO PIAUÍ,4,8
BELÉM DO SÃO FRANCISCO,13,33
BENEDITINOS,15,36
BENEDITO LEITE,8,21
BENEDITO NOVO,13,36
BENEVIDES,44,66
BENJAMIN CONSTANT,62,118
BENJAMIN CONSTANT DO SUL,4,9
BENTO DE ABREU,17,28
BENTO FERNANDES,13,32
BENTO GONÇALVES,55,106
BEQUIMÃO,29,57
BERILO,15,32
BERIZAL,20,32
BERNARDINO BATISTA,8,14
BERNARDINO DE CAMPOS,24,52
BERNARDO DO MEARIM,9,23
BERNARDO SAYÃO,12,26
BERTIOGA,44,79
BERTOLÍNIA,16,26
BERTÓPOLIS,11,23
BERURI,30,53
BETIM,115,231
BETÂNIA,16,32
BETÂNIA DO PIAUÍ,7,17
BEZERROS,49,103
BIAS FORTES,12,28
BICAS,29,62
BIGUAÇU,58,114
BILAC,14,27
BIQUINHAS,10,23
BIRIGUI,73,145
BIRITIBA MIRIM,53,105
BIRITINGA,28,41
BITURUNA,26,49
BLUMENAU,72,122
BOA ESPERANÇA,112,224
BOA ESPERANÇA DO IGUAÇU,8,19
BOA ESPERANÇA DO NORTE,20,33
BOA ESPERANÇA DO SUL,16,36
BOA HORA,20,32
BOA NOVA,17,38
BOA SAÚDE,16,35
BOA VENTURA,10,16
BOA VENTURA DE SÃO ROQUE,22,41
BOA VIAGEM,17,29
BOA VISTA,116,220
BOA VISTA DA APARECIDA,17,36
BOA VISTA DAS MISSÕES,9,18
BOA VISTA DO BURICÁ,15,21
BOA VISTA DO CADEADO,7,13
BOA VISTA DO GURUPI,22,29
BOA VISTA DO INCRA,6,18
BOA VISTA DO RAMOS,38,74
BOA VISTA DO SUL,11,16
BOA VISTA DO TUPIM,20,43
BOCA DA MATA,13,26
BOCA DO ACRE,46,83
BOCAINA,43,96
BOCAINA DE MINAS,15,38
BOCAINA DO SUL,13,25
BOCAIÚVA,56,107
BOCAIÚVA DO SUL,24,48
BODOCÓ,13,29
BODOQUENA,22,29
BODÓ,13,29
BOFETE,25,57
BOITUVA,55,112
BOM CONSELHO,34,71
BOM DESPACHO,43,76
BOM JARDIM,101,184
BOM JARDIM DA SERRA,10,15
BOM JARDIM DE GOIÁS,15,32
BOM JARDIM DE MINAS,14,30
BOM JESUS,81,142
BOM JESUS DA LAPA,54,108
BOM JESUS DA PENHA,18,27
BOM JESUS DA SERRA,21,43
BOM JESUS DAS SELVAS,23,42
BOM JESUS DE GOIÁS,33,61
BOM JESUS DO AMPARO,14,31
BOM JESUS DO ARAGUAIA,12,24
BOM JESUS DO GALHO,26,56
BOM JESUS DO ITABAPOANA,45,87
BOM JESUS DO NORTE,28,58
BOM JESUS DO OESTE,11,22
BOM JESUS DO SUL,12,26
BOM JESUS DO TOCANTINS,28,63
BOM JESUS DOS PERDÕES,50,94
BOM LUGAR,6,10
BOM PRINCÍPIO,18,39
BOM PRINCÍPIO DO PIAUÍ,23,40
BOM PROGRESSO,13,26
BOM REPOUSO,25,48
BOM RETIRO,19,37
BOM RETIRO DO SUL,14,32
BOM SUCESSO,64,114
BOM SUCESSO DE ITARARÉ,33,51
BOM SUCESSO DO SUL,12,24
BOMBINHAS,34,54
BONFIM,61,108
BONFIM DO PIAUÍ,7,13
BONFINÓPOLIS,17,35
BONFINÓPOLIS DE MINAS,18,25
BONINAL,17,36
BONITO,122,249
BONITO DE MINAS,19,36
BONITO DE SANTA FÉ,7,16
BONÓPOLIS,10,24
BOQUEIRÃO,17,33
BOQUEIRÃO DO LEÃO,13,29
BOQUEIRÃO DO PIAUÍ,16,25
BOQUIM,25,51
BOQUIRA,18,34
BORACÉIA,19,41
BORBA,51,99
BORBOREMA,24,50
BORDA DA MATA,42,78
BOREBI,17,33
BORRAZÓPOLIS,29,57
BORÁ,9,20
BOSSOROCA,10,23
BOTELHOS,40,92
BOTUCATU,52,92
BOTUMIRIM,21,42
BOTUPORÃ,14,31
BOTUVERÁ,12,24
BOZANO,10,21
BRAGA,8,10
BRAGANEY,22,34
BRAGANÇA,68,136
BRAGANÇA PAULISTA,130,251
BRANQUINHA,9,23
BRASIL NOVO,19,38
BRASILEIRA,10,22
BRASILÂNDIA,21,32
BRASILÂNDIA DE MINAS,27,58
BRASILÂNDIA DO SUL,9,22
BRASILÂNDIA DO TOCANTINS,14,21
BRASILÉIA,36,60
BRASNORTE,25,41
BRASÍLIA DE MINAS,49,93
BRAZABRANTES,15,24
BRAZÓPOLIS,33,71
BRAÇO DO NORTE,23,50
BRAÇO DO TROMBUDO,9,23
BRAÚNA,15,25
BRAÚNAS,26,53
BREJETUBA,41,79
BREJINHO,19,42
BREJINHO DE NAZARÉ,9,23
BREJO,41,69
BREJO ALEGRE,18,32
BREJO DA MADRE DE DEUS,25,50
BREJO DE AREIA,9,15
BREJO DO CRUZ,7,16
BREJO DO PIAUÍ,6,18
BREJO DOS SANTOS,8,13
BREJO GRANDE,16,34
BREJO GRANDE DO ARAGUAIA,16,32
BREJO SANTO,17,35
BREJOLÂNDIA,16,26
BREJÃO,17,33
BREJÕES,32,65
BREU BRANCO,29,43
BREVES,65,129
BRITÂNIA,21,37
BROCHIER,13,31
BRODOWSKI,44,90
BROTAS,34,61
BROTAS DE MACAÚBAS,10,24
BRUMADINHO,77,127
BRUMADO,56,102
BRUNÓPOLIS,16,27
BRUSQUE,65,143
BRÁS PIRES,13,29
BUENO BRANDÃO,23,34
BUENOS AIRES,16,37
BUENÓPOLIS,41,84
BUERAREMA,28,56
BUGRE,11,23
BUJARI,31,60
BUJARU,34,66
BURI,41,82
BURITAMA,42,80
BURITI,36,73
BURITI ALEGRE,18,39
BURITI BRAVO,17,35
BURITI DE GOIÁS,12,19
BURITI DO TOCANTINS,13,28
BURITI DOS LOPES,24,42
BURITI DOS MONTES,6,17
BURITICUPU,33,71
BURITINÓPOLIS,15,25
BURITIRAMA,22,44
BURITIRANA,12,20
BURITIS,61,131
BURITIZAL,14,26
BURITIZEIRO,30,51
BUTIÁ,33,67
BUÍQUE,28,54
BÁLSAMO,22,45
CAAPIRANGA,27,49
CAAPORÃ,35,69
CAARAPÓ,32,55
CAATIBA,19,43
CABACEIRAS,7,17
CABACEIRAS DO PARAGUAÇU,23,48
CABECEIRA GRANDE,28,57
CABECEIRAS,16,36
CABECEIRAS DO PIAUÍ,25,39
CABEDELO,47,99
CABIXI,20,37
CABO DE SANTO AGOSTINHO,125,259
CABO FRIO,92,177
CABO VERDE,17,37
CABREÚVA,38,82
CABROBÓ,37,69
CABRÁLIA PAULISTA,24,50
CACAULÂNDIA,14,29
CACEQUI,16,27
CACHOEIRA,51,94
CACHOEIRA ALTA,15,31
CACHOEIRA DA PRATA,23,47
CACHOEIRA DE GOIÁS,12,22
CACHOEIRA DE MINAS,26,52
CACHOEIRA DE PAJEÚ,12,32
CACHOEIRA DO ARARI,36,55
CACHOEIRA DO PIRIÁ,20,28
CACHOEIRA DO SUL,53,113
CACHOEIRA DOS ÍNDIOS,8,22
CACHOEIRA DOURADA,27,61
CACHOEIRA GRANDE,29,46
CACHOEIRA PAULISTA,70,127
CACHOEIRAS DE MACACU,44,95
CACHOEIRINHA,99,183
CACHOEIRO DE ITAPEMIRIM,107,220
CACIMBA DE AREIA,9,14
CACIMBA DE DENTRO,14,33
CACIMBAS,10,26
CACIMBINHAS,6,14
CACIQUE DOBLE,6,10
CACOAL,56,105
CACONDE,31,55
CACULÉ,19,45
CAEM,17,29
CAETANOS,16,39
CAETANÓPOLIS,23,51
CAETITÉ,29,67
CAETÉ,79,129
CAETÉS,10,23
CAFARNAUM,20,40
CAFEARA,13,27
CAFELÂNDIA,58,111
CAFEZAL DO SUL,9,19
CAIABU,28,52
CAIANA,16,37
CAIAPÔNIA,35,69
CAIBATÉ,12,13
CAIBI,11,20
CAICÓ,32,66
CAIEIRAS,50,92
CAIRU,21,40
CAIUÁ,29,58
CAIÇARA,29,60
CAIÇARA DO NORTE,13,25
CAIÇARA DO RIO DO VENTO,13,20
CAJAMAR,84,167
CAJAPIÓ,20,37
CAJARI,31,51
CAJATI,38,95
CAJAZEIRAS,47,87
CAJAZEIRAS DO PIAUÍ,7,17
CAJAZEIRINHAS,7,10
CAJOBI,19,44
CAJUEIRO,16,33
CAJUEIRO DA PRAIA,19,30
CAJURI,23,49
CAJURU,40,92
CALDAS,31,47
CALDAS BRANDÃO,7,17
CALDAS NOVAS,83,156
CALDAZINHA,10,20
CALDEIRÃO GRANDE,16,26
CALDEIRÃO GRANDE DO PIAUÍ,6,20
CALIFÓRNIA,19,44
CALMON,22,38
CALUMBI,10,18
CALÇADO,6,17
CALÇOENE,21,43
CAMACHO,15,35
CAMACÃ,46,79
CAMALAÚ,7,17
CAMAMU,41,75
CAMANDUCAIA,40,74
CAMAPUÃ,23,42
CAMAQUÃ,45,84
CAMARAGIBE,81,146
CAMARGO,13,19
CAMAÇARI,98,203
CAMBARÁ,41,91
CAMBARÁ DO SUL,14,32
CAMBIRA,19,44
CAMBORIÚ,65,135
CAMBUCI,21,54
CAMBUQUIRA,30,60
CAMBUÍ,61,116
CAMBÉ,62,106
CAMETÁ,68,142
CAMOCIM,39,76
CAMOCIM DE SÃO FÉLIX,18,35
CAMPANHA,34,65
CAMPANÁRIO,13,25
CAMPESTRE,46,98
CAMPESTRE DA SERRA,10,20
CAMPESTRE DE GOIÁS,15,32
CAMPESTRE DO MARANHÃO,19,41
CAMPINA DA LAGOA,28,48
CAMPINA DAS MISSÕES,9,19
CAMPINA DO MONTE ALEGRE,21,45
CAMPINA DO SIMÃO,12,28
CAMPINA GRANDE,136,230
CAMPINA GRANDE DO SUL,42,77
CAMPINA VERDE,32,62
CAMPINAS,215,415
CAMPINAS DO PIAUÍ,7,14
CAMPINAS DO SUL,15,25
CAMPINAÇU,9,23
CAMPINORTE,27,52
CAMPINÁPOLIS,19,44
CAMPO ALEGRE,40,79
CAMPO ALEGRE DE GOIÁS,15,36
CAMPO ALEGRE DE LOURDES,17,29
CAMPO ALEGRE DO FIDALGO,6,17
CAMPO AZUL,13,34
CAMPO BELO,63,115
CAMPO BELO DO SUL,14,31
CAMPO BOM,49,80
CAMPO BONITO,22,51
CAMPO DO BRITO,23,41
CAMPO DO MEIO,23,51
CAMPO DO TENENTE,24,47
CAMPO ERÊ,21,44
CAMPO FLORIDO,18,29
CAMPO FORMOSO,28,56
CAMPO GRANDE,192,374
CAMPO GRANDE DO PIAUÍ,10,21
CAMPO LARGO,79,151
CAMPO LARGO DO PIAUÍ,11,13
CAMPO LIMPO DE GOIÁS,15,26
CAMPO LIMPO PAULISTA,62,113
CAMPO MAGRO,56,99
CAMPO MAIOR,29,50
CAMPO MOURÃO,64,117
CAMPO NOVO,15,27
CAMPO NOVO DE RONDÔNIA,24,36
CAMPO NOVO DO PARECIS,45,83
CAMPO REDONDO,10,27
CAMPO VERDE,46,70
CAMPOS ALTOS,28,58
CAMPOS BELOS,42,79
CAMPOS BORGES,10,18
CAMPOS DE JÚLIO,14,33
CAMPOS DO JORDÃO,63,120
CAMPOS DOS GOYTACAZES,127,274
CAMPOS GERAIS,27,57
CAMPOS LINDOS,12,28
CAMPOS NOVOS,30,54
CAMPOS NOVOS PAULISTA,18,30
CAMPOS SALES,10,23
CAMPOS VERDES,10,24
CAMUTANGA,7,17
CANA VERDE,15,42
CANABRAVA DO NORTE,18,34
CANANÉIA,40,97
CANAPI,24,36
CANARANA,55,95
CANAS,26,49
CANAVIEIRA,14,25
CANAVIEIRAS,53,113
CANAÃ,17,36
CANAÃ DOS CARAJÁS,39,68
CANDEAL,19,40
CANDEIAS,105,185
CANDEIAS DO JAMARI,50,85
CANDELÁRIA,17,39
CANDIBA,14,30
CANDIOTA,21,50
CANDÓI,22,52
CANELA,44,82
CANELINHA,15,32
CANGUARETAMA,29,55
CANGUÇU,42,78
CANHOBA,7,17
CANHOTINHO,12,24
CANINDÉ,40,80
CANINDÉ DE SÃO FRANCISCO,28,62
CANITAR,24,48
CANOAS,114,235
CANOINHAS,48,90
CANSANÇÃO,13,22
CANTAGALO,94,183
CANTANHEDE,14,26
CANTO DO BURITI,22,40
CANTÁ,42,71
CANUDOS,21,43
CANUDOS DO VALE,12,28
CANUTAMA,23,43
CANÁPOLIS,24,55
CAPANEMA,88,179
CAPARAÓ,21,40
CAPELA,50,100
CAPELA DE SANTANA,20,41
CAPELA DO ALTO,52,89
CAPELA DO ALTO ALEGRE,13,31
CAPELA NOVA,12,32
CAPELINHA,56,103
CAPETINGA,28,55
CAPIM,31,54
CAPIM BRANCO,24,55
CAPIM GROSSO,21,47
CAPINZAL,23,52
CAPINZAL DO NORTE,18,32
CAPINÓPOLIS,24,51
CAPISTRANO,28,55
CAPITÃO,7,17
CAPITÃO ANDRADE,12,28
CAPITÃO DE CAMPOS,15,25
CAPITÃO ENÉAS,33,75
CAPITÃO GERVÁSIO OLIVEIRA,8,21
CAPITÃO LEÔNIDAS MARQUES,20,43
CAPITÃO POÇO,43,82
CAPITÓLIO,22,45
CAPIVARI,47,98
CAPIVARI DE BAIXO,52,83
CAPIVARI DO SUL,16,33
CAPIXABA,24,53
CAPOEIRAS,17,29
CAPUTIRA,15,36
CAPÃO ALTO,18,33
CAPÃO BONITO,45,92
CAPÃO BONITO DO SUL,15,21
CAPÃO DA CANOA,45,85
CAPÃO DO CIPÓ,11,22
CAPÃO DO LEÃO,40,71
CARACARAÍ,34,62
CARACOL,24,36
CARAGUATATUBA,99,200
CARAMBEÍ,50,84
CARANAÍBA,13,30
CARANDAÍ,42,83
CARANGOLA,59,105
CARAPEBUS,25,58
CARAPICUÍBA,95,199
CARATINGA,91,188
CARAUARI,21,41
CARAVELAS,42,77
CARAZINHO,39,77
CARAÁ,18,36
CARAÍ,27,53
CARAÍBAS,13,25
CARAÚBAS,15,35
CARAÚBAS DO PIAUÍ,11,15
CARBONITA,14,36
CARDEAL DA SILVA,24,48
CARDOSO,51,89
CARDOSO MOREIRA,33,60
CAREAÇU,22,42
CAREIRO,73,125
CAREIRO DA VÁRZEA,21,44
CARIACICA,77,169
CARIDADE,23,32
CARIDADE DO PIAUÍ,7,16
CARINHANHA,43,80
CARIRA,21,37
CARIRI DO TOCANTINS,16,36
CARIRIAÇU,22,40
CARIRÉ,8,17
CARIÚS,16,33
CARLINDA,25,46
CARLOS BARBOSA,23,49
CARLOS CHAGAS,28,59
CARLOS GOMES,8,21
CARLÓPOLIS,16,38
CARMO,37,81
CARMO DA CACHOEIRA,28,66
CARMO DA MATA,23,46
CARMO DE MINAS,24,53
CARMO DO CAJURU,43,74
CARMO DO PARANAÍBA,29,57
CARMO DO RIO CLARO,41,87
CARMO DO RIO VERDE,15,34
CARMOLÂNDIA,15,34
CARMÉSIA,9,21
CARMÓPOLIS,27,56
CARMÓPOLIS DE MINAS,33,66
CARNAUBAIS,16,27
CARNAUBAL,17,25
CARNAUBEIRA DA PENHA,13,31
CARNAÍBA,16,32
CARNAÚBA DOS DANTAS,11,27
CARNEIRINHO,15,33
CARNEIROS,14,27
CAROEBE,14,35
CAROLINA,34,59
CARPINA,89,169
CARRANCAS,12,19
CARRAPATEIRA,4,13
CARRASCO BONITO,14,25
CARUARU,119,228
CARUTAPERA,29,53
CARVALHOS,14,30
CARVALHÓPOLIS,15,31
CASA BRANCA,42,77
CASA GRANDE,8,20
CASA NOVA,39,84
CASCA,16,31
CASCALHO RICO,10,23
CASCAVEL,185,341
CASEARA,20,37
CASEIROS,9,20
CASIMIRO DE ABREU,46,92
CASINHAS,16,24
CASSERENGUE,19,34
CASSILÂNDIA,33,70
CASTANHAL,107,209
CASTANHEIRA,13,26
CASTANHEIRAS,21,37
CASTELO,43,82
CASTELO DO PIAUÍ,16,33
CASTELÂNDIA,13,22
CASTILHO,48,100
CASTRO,46,95
CASTRO ALVES,21,41
CATAGUASES,65,133
CATALÃO,74,131
CATANDUVA,88,156
CATANDUVAS,35,70
CATARINA,9,21
CATAS ALTAS,28,47
CATAS ALTAS DA NORUEGA,19,38
CATENDE,43,74
CATIGUÁ,19,43
CATINGUEIRA,8,19
CATOLÂNDIA,14,26
CATOLÉ DO ROCHA,17,27
CATU,62,115
CATUJI,25,45
CATUNDA,10,24
CATURAMA,6,17
CATURAÍ,25,43
CATURITÉ,14,27
CATUTI,17,32
CATUÍPE,9,24
CAUCAIA,147,269
CAVALCANTE,22,45
CAXAMBU,47,91
CAXAMBU DO SUL,15,25
CAXIAS,87,177
CAXIAS DO SUL,121,229
CAXINGÓ,7,17
CAÇADOR,48,89
CAÇAPAVA,73,131
CAÇAPAVA DO SUL,29,63
CAÇU,32,55
CEARÁ-MIRIM,55,96
CEDRAL,52,97
CEDRO,30,51
CEDRO DE SÃO JOÃO,8,14
CEDRO DO ABAETÉ,11,20
CELSO RAMOS,13,23
CENTENÁRIO,19,36
CENTENÁRIO DO SUL,27,51
CENTRAL,23,48
CENTRAL DE MINAS,12,25
CENTRAL DO MARANHÃO,21,44
CENTRALINA,9,23
CENTRO DO GUILHERME,17,28
CENTRO NOVO DO MARANHÃO,15,24
CEREJEIRAS,21,48
CERES,43,78
CERQUEIRA CÉSAR,29,56
CERQUILHO,43,77
CERRITO,19,35
CERRO AZUL,22,56
CERRO BRANCO,9,23
CERRO CORÁ,15,27
CERRO GRANDE,6,13
CERRO GRANDE DO SUL,38,61
CERRO LARGO,16,42
CERRO NEGRO,10,21
CESÁRIO LANGE,55,102
CEZARINA,17,35
CHALÉ,9,23
CHAPADA,14,25
CHAPADA DA NATIVIDADE,10,21
CHAPADA DE AREIA,10,19
CHAPADA DO NORTE,21,43
CHAPADA DOS GUIMARÃES,26,54
CHAPADA GAÚCHA,27,55
CHAPADINHA,53,92
CHAPADÃO DO CÉU,14,34
CHAPADÃO DO LAGEADO,10,20
CHAPADÃO DO SUL,32,58
CHAPECÓ,64,129
CHARQUEADA,26,53
CHARQUEADAS,45,98
CHARRUA,7,20
CHAVAL,7,14
CHAVANTES,25,58
CHAVES,36,60
CHIADOR,18,37
CHIAPETTA,11,26
CHOPINZINHO,19,35
CHOROZINHO,17,31
CHORROCHÓ,11,21
CHORÓ,10,24
CHUPINGUAIA,28,50
CHUVISCA,10,24
CHUÍ,17,29
CHÁCARA,15,38
CHÃ DE ALEGRIA,17,32
CHÃ GRANDE,20,41
CHÃ PRETA,7,17
CIANORTE,73,147
CIDADE GAÚCHA,17,34
CIDADE OCIDENTAL,60,132
CIDELÂNDIA,19,32
CIDREIRA,35,64
CIPOTÂNEA,15,39
CIPÓ,17,35
CIRÍACO,7,13
CLARAVAL,22,42
CLARO DOS POÇÕES,19,37
CLEMENTINA,15,37
CLEVELÂNDIA,31,59
CLÁUDIA,22,40
CLÁUDIO,46,81
COARACI,40,57
COARI,60,103
COCAL,24,45
COCAL DE TELHA,7,14
COCAL DO SUL,23,44
COCAL DOS ALVES,8,14
COCALINHO,23,41
COCALZINHO DE GOIÁS,37,74
COCOS,22,46
CODAJÁS,24,46
CODÓ,89,177
COELHO NETO,34,67
COIMBRA,23,57
COITÉ DO NÓIA,9,23
COIVARAS,13,25
COLARES,42,76
COLATINA,74,158
COLINA,29,57
COLINAS,36,58
COLINAS DO SUL,21,36
COLINAS DO TOCANTINS,47,79
COLMÉIA,19,33
COLNIZA,32,66
COLOMBO,102,201
COLORADO,55,109
COLORADO DO OESTE,38,66
COLUNA,19,39
COLÍDER,44,78
COLÔMBIA,17,35
COLÔNIA DO GURGUÉIA,20,34
COLÔNIA DO PIAUÍ,10,18
COLÔNIA LEOPOLDINA,22,35
COMBINADO,15,29
COMENDADOR GOMES,12,27
COMENDADOR LEVY GASPARIAN,24,41
COMERCINHO,16,39
COMODORO,20,51
CONCEIÇÃO,13,28
CONCEIÇÃO DA APARECIDA,18,44
CONCEIÇÃO DA BARRA,57,111
CONCEIÇÃO DA BARRA DE MINAS,12,31
CONCEIÇÃO DA FEIRA,36,68
CONCEIÇÃO DAS ALAGOAS,16,35
CONCEIÇÃO DAS PEDRAS,11,28
CONCEIÇÃO DE IPANEMA,12,36
CONCEIÇÃO DE MACABU,51,96
CONCEIÇÃO DO ALMEIDA,29,61
CONCEIÇÃO DO ARAGUAIA,44,74
CONCEIÇÃO DO CANINDÉ,10,14
CONCEIÇÃO DO CASTELO,31,72
CONCEIÇÃO DO COITÉ,45,91
CONCEIÇÃO DO JACUÍPE,53,92
CONCEIÇÃO DO LAGO-AÇU,18,33
CONCEIÇÃO DO MATO DENTRO,50,111
CONCEIÇÃO DO PARÁ,26,49
CONCEIÇÃO DO RIO VERDE,44,94
CONCEIÇÃO DO TOCANTINS,16,26
CONCEIÇÃO DOS OUROS,21,54
CONCHAL,56,100
CONCHAS,40,81
CONCÓRDIA,34,69
CONCÓRDIA DO PARÁ,26,52
CONDADO,46,91
CONDE,98,188
CONDEÚBA,20,39
CONDOR,15,33
CONFINS,27,65
CONFRESA,38,84
CONGO,10,21
CONGONHAL,10,27
CONGONHAS,58,93
CONGONHAS DO NORTE,17,38
CONGONHINHAS,30,60
CONQUISTA,28,47
CONQUISTA D'OESTE,20,32
CONSELHEIRO LAFAIETE,75,145
CONSELHEIRO MAIRINCK,19,46
CONSELHEIRO PENA,34,71
CONSOLAÇÃO,11,22
CONSTANTINA,18,33
CONTAGEM,150,275
CONTENDA,48,102
CONTENDAS DO SINCORÁ,11,18
COQUEIRAL,27,59
COQUEIRO BAIXO,6,16
COQUEIRO SECO,19,47
COQUEIROS DO SUL,8,16
CORAÇÃO DE JESUS,43,85
CORAÇÃO DE MARIA,35,69
CORBÉLIA,24,49
CORDEIRO,31,65
CORDEIROS,13,25
CORDEIRÓPOLIS,54,100
CORDILHEIRA ALTA,13,26
CORDISBURGO,29,61
CORDISLÂNDIA,21,43
COREAÚ,8,20
COREMAS,10,24
CORGUINHO,14,31
CORIBE,13,25
CORINTO,28,52
CORNÉLIO PROCÓPIO,66,122
COROACI,21,44
COROADOS,18,46
COROATÁ,46,85
COROMANDEL,34,73
CORONEL BARROS,16,23
CORONEL BICACO,9,18
CORONEL DOMINGOS SOARES,26,48
CORONEL EZEQUIEL,12,20
CORONEL FABRICIANO,86,160
CORONEL FREITAS,14,31
CORONEL JOSÉ DIAS,10,22
CORONEL JOÃO PESSOA,7,8
CORONEL JOÃO SÁ,17,29
CORONEL MACEDO,16,34
CORONEL MARTINS,8,19
CORONEL MURTA,16,40
CORONEL PACHECO,18,44
CORONEL PILAR,8,18
CORONEL SAPUCAIA,30,49
CORONEL VIVIDA,23,46
CORONEL XAVIER CHAVES,18,36
CORREIA PINTO,28,49
CORRENTE,23,49
CORRENTES,8,21
CORRENTINA,30,67
CORTÊS,20,42
CORUMBATAÍ,26,46
CORUMBATAÍ DO SUL,10,19
CORUMBAÍBA,19,41
CORUMBIARA,15,36
CORUMBÁ,68,135
CORUMBÁ DE GOIÁS,29,61
CORUPÁ,26,50
CORURIPE,25,54
COSMORAMA,19,35
COSMÓPOLIS,72,152
COSTA MARQUES,29,50
COSTA RICA,27,55
COTEGIPE,18,30
COTIA,111,209
COTIPORÃ,10,19
COTRIGUAÇU,12,32
COUTO DE MAGALHÃES DE MINAS,11,25
COUTO MAGALHÃES,17,36
COXILHA,10,21
COXIM,55,94
COXIXOLA,6,10
CRATEÚS,35,57
CRATO,66,145
CRAVINHOS,45,82
CRAVOLÂNDIA,15,30
CRAÍBAS,13,33
CRICIÚMA,67,125
CRISSIUMAL,20,33
CRISTAIS,24,55
CRISTAIS PAULISTA,20,45
CRISTAL,18,33
CRISTAL DO SUL,7,17
CRISTALINA,76,124
CRISTALÂNDIA,10,24
CRISTALÂNDIA DO PIAUÍ,6,17
CRISTIANO OTONI,18,44
CRISTIANÓPOLIS,14,22
CRISTINA,26,58
CRISTINO CASTRO,10,24
CRISTINÁPOLIS,19,37
CRISTÁLIA,13,26
CRISTÓPOLIS,26,42
CRISÓLITA,14,32
CRISÓPOLIS,17,32
CRIXÁS,29,64
CRIXÁS DO TOCANTINS,13,16
CROATÁ,15,23
CROMÍNIA,8,22
CRUCILÂNDIA,17,39
CRUZ,18,36
CRUZ ALTA,39,73
CRUZ DAS ALMAS,63,115
CRUZ DO ESPÍRITO SANTO,21,34
CRUZ MACHADO,34,68
CRUZALTENSE,12,21
CRUZEIRO,95,180
CRUZEIRO DA FORTALEZA,13,25
CRUZEIRO DO IGUAÇU,20,36
CRUZEIRO DO OESTE,35,67
CRUZEIRO DO SUL,99,177
CRUZETA,7,13
CRUZMALTINA,15,25
CRUZÁLIA,10,17
CRUZÍLIA,24,58
CUBATI,14,25
CUBATÃO,69,151
CUIABÁ,154,290
CUITEGI,18,48
CUITÉ,11,28
CUITÉ DE MAMANGUAPE,20,48
CUJUBIM,23,52
CUMARI,9,20
CUMARU,15,25
CUMARU DO NORTE,18,39
CUMBE,8,19
CUNHA,32,68
CUNHA PORÃ,21,33
CUNHATAÍ,11,17
CUPARAQUE,13,26
CUPIRA,18,41
CURAÇÁ,29,49
CURIMATÁ,10,19
CURIONÓPOLIS,22,39
CURITIBA,246,511
CURITIBANOS,26,47
CURIÚVA,31,63
CURRAIS,11,24
CURRAIS NOVOS,50,70
CURRAL DE CIMA,8,19
CURRAL DE DENTRO,27,46
CURRAL NOVO DO PIAUÍ,3,11
CURRAL VELHO,7,18
CURRALINHO,49,80
CURRALINHOS,14,30
CURURUPU,24,46
CURUÁ,25,46
CURUÇÁ,41,92
CURVELO,73,144
CURVELÂNDIA,21,33
CUSTÓDIA,19,30
CUTIAS,18,32
CÁCERES,65,124
CÁSSIA,44,97
CÁSSIA DOS COQUEIROS,21,43
CÂNDIDO DE ABREU,29,53
CÂNDIDO GODÓI,11,21
CÂNDIDO MENDES,35,45
CÂNDIDO MOTA,29,61
CÂNDIDO RODRIGUES,18,35
CÂNDIDO SALES,16,39
CÉU AZUL,18,36
CÍCERO DANTAS,29,49
CÓRREGO DANTA,19,32
CÓRREGO DO BOM JESUS,17,35
CÓRREGO DO OURO,9,21
CÓRREGO FUNDO,10,24
CÓRREGO NOVO,13,29
CÔNEGO MARINHO,18,38
DAMIANÓPOLIS,14,27
DAMIÃO,13,23
DAMOLÂNDIA,7,18
DARCINÓPOLIS,20,41
DATAS,12,28
DAVID CANABARRO,11,21
DAVINÓPOLIS,39,75
DELFIM MOREIRA,25,43
DELFINÓPOLIS,16,38
DELMIRO GOUVEIA,24,46
DELTA,28,52
DEMERVAL LOBÃO,18,28
DENISE,14,31
DEODÁPOLIS,20,47
DEPUTADO IRAPUAN PINHEIRO,7,15
DERRUBADAS,4,12
DESCALVADO,42,89
DESCANSO,11,24
DESCOBERTO,34,76
DESTERRO,5,15
DESTERRO DE ENTRE RIOS,17,39
DESTERRO DO MELO,20,44
DEZESSEIS DE NOVEMBRO,7,20
DIADEMA,143,275
DIAMANTE,10,19
DIAMANTE D'OESTE,14,28
DIAMANTE DO NORTE,19,41
DIAMANTE DO SUL,9,20
DIAMANTINA,61,112
DIAMANTINO,38,66
DIANÓPOLIS,38,74
DIAS D'ÁVILA,62,126
DILERMANDO DE AGUIAR,19,31
DIOGO DE VASCONCELOS,16,31
DIONÍSIO,23,57
DIONÍSIO CERQUEIRA,20,42
DIORAMA,11,20
DIRCE REIS,17,31
DIRCEU ARCOVERDE,7,16
DIVINA PASTORA,18,29
DIVINO,30,54
DIVINO DAS LARANJEIRAS,14,30
DIVINO DE SÃO LOURENÇO,22,44
DIVINOLÂNDIA,33,54
DIVINOLÂNDIA DE MINAS,24,54
DIVINÉSIA,12,19
DIVINÓPOLIS,88,166
DIVINÓPOLIS DE GOIÁS,21,39
DIVINÓPOLIS DO TOCANTINS,19,32
DIVISA ALEGRE,22,39
DIVISA NOVA,15,33
DIVISÓPOLIS,15,27
DOBRADA,30,62
DOIS CÓRREGOS,23,37
DOIS IRMÃOS,24,45
DOIS IRMÃOS DAS MISSÕES,10,16
DOIS IRMÃOS DO BURITI,21,47
DOIS IRMÃOS DO TOCANTINS,11,19
DOIS LAJEADOS,11,21
DOIS RIACHOS,12,19
DOIS VIZINHOS,40,74
DOLCINÓPOLIS,10,22
DOM AQUINO,27,41
DOM BASÍLIO,7,19
DOM BOSCO,12,29
DOM CAVATI,16,28
DOM ELISEU,49,95
DOM EXPEDITO LOPES,14,22
DOM FELICIANO,19,42
DOM INOCÊNCIO,13,23
DOM JOAQUIM,17,30
DOM MACEDO COSTA,6,17
DOM PEDRITO,36,61
DOM PEDRO,15,32
DOM PEDRO DE ALCÂNTARA,10,17
DOM SILVÉRIO,18,35
DOM VIÇOSO,14,28
DOMINGOS MARTINS,44,89
DOMINGOS MOURÃO,7,14
DONA EMMA,13,20
DONA EUSÉBIA,21,40
DONA FRANCISCA,11,21
DONA INÊS,17,30
DORES DE CAMPOS,12,32
DORES DE GUANHÃES,21,43
DORES DO INDAIÁ,37,77
DORES DO RIO PRETO,13,27
DORES DO TURVO,12,27
DORESÓPOLIS,6,18
DORMENTES,7,14
DOURADINA,44,75
DOURADO,24,47
DOURADOQUARA,11,21
DOURADOS,118,225
DOUTOR CAMARGO,31,59
DOUTOR MAURÍCIO CARDOSO,10,18
DOUTOR PEDRINHO,11,23
DOUTOR RICARDO,12,20
DOUTOR SEVERIANO,7,16
DOUTOR ULYSSES,14,27
DOVERLÂNDIA,26,34
DRACENA,75,137
DUARTINA,31,62
DUAS BARRAS,21,54
DUAS ESTRADAS,7,15
DUERÉ,11,22
DUMONT,22,50
DUQUE BACELAR,13,27
DUQUE DE CAXIAS,174,329
DURANDÉ,16,34
DÁRIO MEIRA,18,38
ECHAPORÃ,28,48
ECOPORANGA,43,87
EDEALINA,18,31
EDÉIA,23,40
EIRUNEPÉ,62,120
ELDORADO,71,132
ELDORADO DO SUL,33,56
ELDORADO DOS CARAJÁS,46,84
ELESBÃO VELOSO,21,38
ELIAS FAUSTO,47,88
ELISEU MARTINS,10,22
ELISIÁRIO,10,24
ELÍSIO MEDRADO,16,29
ELÓI MENDES,35,66
EMAS,9,17
EMBAÚBA,13,28
EMBU DAS ARTES,98,192
EMBU-GUAÇU,95,155
EMILIANÓPOLIS,11,20
ENCANTADO,24,47
ENCANTO,7,17
ENCRUZILHADA,19,42
ENCRUZILHADA DO SUL,26,51
ENGENHEIRO BELTRÃO,25,46
ENGENHEIRO CALDAS,31,51
ENGENHEIRO COELHO,59,105
ENGENHEIRO NAVARRO,21,39
ENGENHEIRO PAULO DE FRONTIN,47,95
ENGENHO VELHO,7,12
ENTRE FOLHAS,17,33
ENTRE RIOS,53,111
ENTRE RIOS DE MINAS,37,86
ENTRE RIOS DO OESTE,11,28
ENTRE RIOS DO SUL,14,24
ENTRE-IJUÍS,18,37
ENVIRA,30,59
ENÉAS MARQUES,8,17
EPITACIOLÂNDIA,43,75
EQUADOR,16,32
EREBANGO,20,29
ERECHIM,70,132
ERERÉ,10,21
ERMO,16,34
ERNESTINA,9,16
ERVAL GRANDE,15,21
ERVAL SECO,14,30
ERVAL VELHO,18,34
ERVÁLIA,35,77
ESCADA,59,105
ESMERALDA,14,25
ESMERALDAS,74,143
ESPERA FELIZ,25,48
ESPERANTINA,39,69
ESPERANTINÓPOLIS,14,24
ESPERANÇA,25,46
ESPERANÇA DO SUL,5,12
ESPERANÇA NOVA,6,13
ESPIGÃO ALTO DO IGUAÇU,10,23
ESPIGÃO DO OESTE,31,67
ESPINOSA,26,62
ESPLANADA,51,90
ESPUMOSO,14,31
ESPÍRITO SANTO,14,28
ESPÍRITO SANTO DO DOURADO,11,22
ESPÍRITO SANTO DO PINHAL,47,71
ESPÍRITO SANTO DO TURVO,17,37
ESTAÇÃO,14,32
ESTEIO,56,89
ESTIVA,15,29
ESTIVA GERBI,49,76
ESTREITO,35,62
ESTRELA,51,84
ESTRELA D'OESTE,22,52
ESTRELA DALVA,10,19
ESTRELA DE ALAGOAS,12,28
ESTRELA DO INDAIÁ,11,21
ESTRELA DO NORTE,23,51
ESTRELA DO SUL,24,43
ESTRELA VELHA,5,14
ESTÂNCIA,58,107
ESTÂNCIA VELHA,28,46
EUCLIDES DA CUNHA,24,42
EUCLIDES DA CUNHA PAULISTA,19,41
EUGENÓPOLIS,18,41
EUGÊNIO DE CASTRO,13,23
EUNÁPOLIS,99,188
EUSÉBIO,35,65
EWBANK DA CÂMARA,18,39
EXTREMA,54,100
EXTREMOZ,44,89
EXU,30,53
FAGUNDES,17,35
FAGUNDES VARELA,5,10
FAINA,25,40
FAMA,15,30
FARIA LEMOS,17,33
FARIAS BRITO,16,34
FARO,28,57
FAROL,11,28
FARROUPILHA,53,109
FARTURA,22,45
FARTURA DO PIAUÍ,10,19
FAXINAL,27,62
FAXINAL DO SOTURNO,14,27
FAXINAL DOS GUEDES,15,31
FAXINALZINHO,14,27
FAZENDA NOVA,6,14
FAZENDA RIO GRANDE,49,93
FAZENDA VILANOVA,13,27
FEIJÓ,44,85
FEIRA DA MATA,7,18
FEIRA DE SANTANA,135,281
FEIRA GRANDE,14,33
FEIRA NOVA,29,62
FEIRA NOVA DO MARANHÃO,15,26
FELIPE GUERRA,16,24
FELISBURGO,19,43
FELIXLÂNDIA,24,48
FELIZ,14,25
FELIZ DESERTO,19,43
FELIZ NATAL,20,40
FELÍCIO DOS SANTOS,20,38
FERNANDES PINHEIRO,22,43
FERNANDES TOURINHO,8,22
FERNANDO FALCÃO,16,17
FERNANDO PEDROZA,12,28
FERNANDO PRESTES,13,25
FERNANDÓPOLIS,73,122
FERNÃO,21,29
FERRAZ DE VASCONCELOS,82,158
FERREIRA GOMES,33,72
FERREIROS,14,31
FERROS,24,39
FERVEDOURO,25,55
FIGUEIRA,24,56
FIGUEIRÃO,15,29
FIGUEIRÓPOLIS,26,41
FIGUEIRÓPOLIS D'OESTE,9,23
FILADÉLFIA,42,81
FIRMINO ALVES,11,28
FIRMINÓPOLIS,19,35
FLEXEIRAS,15,23
FLOR DA SERRA DO SUL,12,28
FLOR DO SERTÃO,11,23
FLORA RICA,12,25
FLORAÍ,9,18
FLOREAL,17,38
FLORES,13,28
FLORES DA CUNHA,29,60
FLORES DE GOIÁS,17,34
FLORES DO PIAUÍ,8,13
FLORESTA,51,82
FLORESTA AZUL,24,53
FLORESTA DO ARAGUAIA,33,58
FLORESTA DO PIAUÍ,3,9
FLORESTAL,20,42
FLORESTÓPOLIS,20,45
FLORIANO,36,77
FLORIANO PEIXOTO,11,17
FLORIANÓPOLIS,116,206
FLORÂNIA,19,42
FLORÍNEA,11,25
FLÓRIDA,15,24
FLÓRIDA PAULISTA,19,45
FONTE BOA,32,68
FONTOURA XAVIER,18,30
FORMIGA,58,108
FORMIGUEIRO,11,21
FORMOSA,120,207
FORMOSA DA SERRA NEGRA,14,27
FORMOSA DO OESTE,15,32
FORMOSA DO RIO PRETO,31,62
FORMOSA DO SUL,11,24
FORMOSO,30,61
FORMOSO DO ARAGUAIA,35,67
FORQUETINHA,12,25
FORQUILHA,18,30
FORQUILHINHA,28,57
FORTALEZA,278,502
FORTALEZA DE MINAS,15,33
FORTALEZA DOS NOGUEIRAS,11,23
FORTALEZA DOS VALOS,10,20
FORTIM,16,29
FORTUNA,8,19
FORTUNA DE MINAS,25,39
FOZ DO IGUAÇU,82,170
FOZ DO JORDÃO,24,45
FRAIBURGO,40,80
FRANCA,89,178
FRANCINÓPOLIS,9,18
FRANCISCO ALVES,12,26
FRANCISCO AYRES,11,23
FRANCISCO BADARÓ,22,38
FRANCISCO BELTRÃO,61,112
FRANCISCO DANTAS,9,17
FRANCISCO DUMONT,18,33
FRANCISCO MACEDO,6,13
FRANCISCO MORATO,64,130
FRANCISCO SANTOS,6,16
FRANCISCO SÁ,48,84
FRANCISCÓPOLIS,10,20
FRANCO DA ROCHA,62,102
FRECHEIRINHA,17,31
FREDERICO WESTPHALEN,22,46
FREI GASPAR,16,33
FREI INOCÊNCIO,35,72
FREI LAGONEGRO,18,37
FREI MARTINHO,7,13
FREI MIGUELINHO,17,37
FREI PAULO,10,24
FREI ROGÉRIO,13,28
FRONTEIRA,20,44
FRONTEIRA DOS VALES,18,36
FRONTEIRAS,7,14
FRUTA DE LEITE,17,33
FRUTAL,44,97
FRUTUOSO GOMES,5,9
FUNDÃO,36,73
FUNILÂNDIA,32,61
FÁTIMA,20,45
FÁTIMA DO SUL,27,41
FÊNIX,20,37
GABRIEL MONTEIRO,14,26
GADO BRAVO,16,37
GALILÉIA,22,50
GALINHOS,8,13
GALVÃO,12,30
GAMELEIRA,41,60
GAMELEIRA DE GOIÁS,24,43
GAMELEIRAS,7,21
GANDU,34,60
GARANHUNS,53,101
GARARU,14,28
GARIBALDI,29,59
GAROPABA,34,53
GARRAFÃO DO NORTE,24,49
GARRUCHOS,7,17
GARUVA,18,42
GARÇA,65,116
GASPAR,49,81
GASTÃO VIDIGAL,14,23
GAURAMA,21,32
GAVIÃO,13,21
GAVIÃO PEIXOTO,20,36
GAÚCHA DO NORTE,27,52
GEMINIANO,11,23
GENERAL CARNEIRO,38,79
GENERAL CÂMARA,17,34
GENERAL MAYNARD,16,30
GENERAL SALGADO,24,61
GENERAL SAMPAIO,12,24
GENTIL,10,23
GENTIO DO OURO,6,17
GETULINA,21,52
GETÚLIO VARGAS,17,31
GILBUÉS,12,26
GIRAU DO PONCIANO,18,32
GIRUÁ,23,41
GLAUCILÂNDIA,15,38
GLICÉRIO,18,39
GLORINHA,18,36
GLÓRIA,16,28
GLÓRIA D'OESTE,18,25
GLÓRIA DE DOURADOS,26,52
GLÓRIA DO GOITÁ,32,61
GODOFREDO VIANA,21,44
GODOY MOREIRA,14,30
GOIABEIRA,9,22
GOIANA,56,107
GOIANDIRA,16,31
GOIANINHA,16,31
GOIANIRA,36,73
GOIANORTE,7,15
GOIANÁ,26,62
GOIANÁPOLIS,22,59
GOIANÉSIA,69,135
GOIANÉSIA DO PARÁ,26,56
GOIATINS,15,30
GOIATUBA,40,79
GOIOERÊ,37,75
GOIOXIM,20,48
GOIÁS,34,61
GOIÂNIA,256,445
GONGOGI,18,40
GONZAGA,18,37
GONÇALVES,17,35
GONÇALVES DIAS,15,27
GOUVEIA,21,36
GOUVELÂNDIA,14,27
GOVERNADOR ARCHER,9,18
GOVERNADOR CELSO RAMOS,37,67
GOVERNADOR DIX-SEPT ROSADO,23,40
GOVERNADOR EDISON LOBÃO,35,65
GOVERNADOR EUGÊNIO BARROS,13,26
GOVERNADOR JORGE TEIXEIRA,18,43
GOVERNADOR LINDENBERG,15,32
GOVERNADOR LUIZ ROCHA,9,16
GOVERNADOR MANGABEIRA,29,58
GOVERNADOR NEWTON BELLO,18,34
GOVERNADOR NUNES FREIRE,38,70
GOVERNADOR VALADARES,140,286
GRACCHO CARDOSO,9,24
GRAJAÚ,43,86
GRAMADO,29,65
GRAMADO DOS LOUREIROS,11,22
GRAMADO XAVIER,21,31
GRANDES RIOS,17,31
GRANITO,6,19
GRANJA,18,35
GRANJEIRO,7,15
GRAVATAL,24,47
GRAVATAÍ,118,222
GRAVATÁ,73,148
GRAÇA,8,15
GRAÇA ARANHA,10,21
GROAÍRAS,15,26
GROSSOS,17,25
GRUPIARA,9,17
GRÃO MOGOL,24,54
GRÃO-PARÁ,13,29
GUABIJU,7,15
GUABIRUBA,17,39
GUADALUPE,12,23
GUAIMBÊ,18,36
GUAIRAÇÁ,14,30
GUAIÇARA,31,68
GUAIÚBA,29,57
GUAJARÁ,18,38
GUAJARÁ-MIRIM,65,122
GUAJERU,8,15
GUAMARÉ,15,27
GUAMIRANGA,20,41
GUANAMBI,38,76
GUANHÃES,50,85
GUAPIARA,30,62
GUAPIAÇU,37,68
GUAPIMIRIM,34,61
GUAPIRAMA,16,33
GUAPOREMA,7,12
GUAPORÉ,35,66
GUAPÉ,31,62
GUAPÓ,38,66
GUARABIRA,25,50
GUARACI,29,63
GUARACIABA,40,91
GUARACIABA DO NORTE,13,19
GUARACIAMA,14,32
GUARAMIRANGA,28,55
GUARAMIRIM,37,83
GUARANI,29,66
GUARANI D'OESTE,20,44
GUARANI DAS MISSÕES,18,36
GUARANI DE GOIÁS,7,17
GUARANIAÇU,21,47
GUARANTÃ,23,50
GUARANTÃ DO NORTE,38,76
GUARANÉSIA,47,99
GUARAPARI,87,167
GUARAPUAVA,92,177
GUARAQUEÇABA,36,63
GUARARAPES,31,72
GUARAREMA,40,75
GUARARÁ,18,39
GUARATINGA,16,36
GUARATINGUETÁ,58,101
GUARATUBA,64,116
GUARAÇAÍ,12,32
GUARAÍ,24,44
GUARAÍTA,12,21
GUARDA-MOR,29,65
GUAREÍ,33,78
GUARIBA,34,68
GUARIBAS,10,15
GUARINOS,6,17
GUARUJÁ,107,236
GUARUJÁ DO SUL,16,27
GUARULHOS,221,427
GUARÁ,30,53
GUATAMBÚ,17,37
GUATAPARÁ,27,67
GUAXUPÉ,62,104
GUAÇUÍ,45,84
GUAÍBA,111,181
GUAÍRA,56,112
GUIA LOPES DA LAGUNA,21,46
GUIDOVAL,19,34
GUIMARÂNIA,25,50
GUIMARÃES,32,49
GUIRATINGA,24,51
GUIRICEMA,17,38
GURINHATÃ,16,35
GURINHÉM,11,28
GURJÃO,7,13
GURUPI,77,131
GURUPÁ,33,62
GUZOLÂNDIA,16,37
GÁLIA,26,41
HARMONIA,7,14
HEITORAÍ,14,29
HELIODORA,24,44
HELIÓPOLIS,7,17
HERCULÂNDIA,24,43
HERVAL,14,34
HERVAL D'OESTE,22,47
HERVEIRAS,13,20
HIDROLINA,8,16
HIDROLÂNDIA,47,88
HOLAMBRA,19,42
HONÓRIO SERPA,18,28
HORIZONTE,45,93
HORIZONTINA,21,42
HORTOLÂNDIA,97,200
HUGO NAPOLEÃO,8,20
HULHA NEGRA,17,27
HUMAITÁ,63,136
HUMBERTO DE CAMPOS,28,58
IACANGA,27,51
IACIARA,25,53
IACRI,24,41
IAPU,12,26
IARAS,31,62
IATI,33,62
IAÇU,22,49
IBAITI,47,77
IBARAMA,9,15
IBARETAMA,16,34
IBATEGUARA,14,26
IBATIBA,33,57
IBATÉ,33,65
IBEMA,38,66
IBERTIOGA,19,34
IBIAM,10,17
IBIAPINA,18,35
IBIARA,9,20
IBIASSUCÊ,15,27
IBIAÇÁ,9,19
IBIAÍ,16,34
IBICARAÍ,39,78
IBICARÉ,15,30
IBICOARA,21,42
IBICUITINGA,6,18
IBICUÍ,13,30
IBIMIRIM,18,33
IBIPEBA,10,25
IBIPITANGA,10,25
IBIPORÃ,46,91
IBIQUERA,9,20
IBIRACATU,15,32
IBIRACI,23,46
IBIRAIARAS,14,28
IBIRAJUBA,11,23
IBIRAMA,16,39
IBIRAPITANGA,22,39
IBIRAPUITÃ,14,27
IBIRAPUÃ,19,34
IBIRAREMA,28,52
IBIRATAIA,41,77
IBIRAÇU,34,62
IBIRITÉ,76,169
IBIRUBÁ,30,49
IBIRÁ,26,58
IBITIARA,13,18
IBITINGA,52,103
IBITIRAMA,21,47
IBITITÁ,25,46
IBITIÚRA DE MINAS,16,22
IBITURUNA,12,26
IBIÁ,39,71
IBIÚNA,89,179
IBOTIRAMA,20,35
ICAPUÍ,26,53
ICARAÍ DE MINAS,14,29
ICARAÍMA,26,35
ICATU,28,56
ICHU,14,22
ICONHA,22,46
ICÉM,31,61
ICÓ,29,53
IELMO MARINHO,17,34
IEPÊ,24,43
IGACI,10,26
IGAPORÃ,9,17
IGARACY,9,19
IGARAPAVA,51,100
IGARAPÉ,58,115
IGARAPÉ DO MEIO,11,19
IGARAPÉ GRANDE,11,22
IGARAPÉ-AÇU,42,83
IGARAPÉ-MIRI,46,92
IGARASSU,64,115
IGARATINGA,20,47
IGARATÁ,16,39
IGARAÇU DO TIETÊ,37,81
IGRAPIÚNA,15,36
IGREJA NOVA,19,39
IGREJINHA,36,58
IGUABA GRANDE,44,83
IGUAPE,33,60
IGUARACY,11,26
IGUARAÇU,28,51
IGUATAMA,13,29
IGUATEMI,23,38
IGUATU,78,164
IGUAÍ,29,62
IJACI,40,81
IJUÍ,43,88
ILHA COMPRIDA,34,73
ILHA DAS FLORES,15,22
ILHA DE ITAMARACÁ,55,119
ILHA GRANDE,16,38
ILHA SOLTEIRA,36,80
ILHABELA,63,118
ILHOTA,16,30
ILHÉUS,128,261
ILICÍNEA,35,70
ILÓPOLIS,6,15
IMACULADA,7,20
IMARUÍ,27,49
IMBAÚ,32,58
IMBITUBA,44,78
IMBITUVA,47,88
IMBUIA,14,31
IMBÉ,30,54
IMBÉ DE MINAS,18,44
IMIGRANTE,17,24
IMPERATRIZ,114,220
INACIOLÂNDIA,6,18
INAJÁ,31,59
INCONFIDENTES,22,44
INDAIABIRA,18,31
INDAIAL,48,81
INDAIATUBA,65,136
INDEPENDÊNCIA,36,71
INDIANA,26,52
INDIANÓPOLIS,37,75
INDIAPORÃ,17,28
INDIARA,26,54
INDIAROBA,24,46
INDIAVAÍ,9,20
INGAZEIRA,7,18
INGAÍ,17,29
INGÁ,32,63
INHACORÁ,14,23
INHAMBUPE,34,68
INHANGAPI,28,59
INHAPI,13,27
INHAPIM,22,44
INHAÚMA,21,53
INHUMA,15,26
INHUMAS,84,164
INIMUTABA,15,38
INOCÊNCIA,17,31
INÁCIO MARTINS,29,56
INÚBIA PAULISTA,10,22
IOMERÊ,10,21
IPABA,35,73
IPAMERI,45,72
IPANEMA,24,49
IPANGUAÇU,17,39
IPAPORANGA,5,15
IPATINGA,107,253
IPAUMIRIM,10,24
IPAUSSU,28,54
IPECAETÁ,19,45
IPERÓ,29,55
IPEÚNA,32,51
IPIAÇU,12,24
IPIAÚ,44,73
IPIGUÁ,24,45
IPIRA,20,37
IPIRANGA,25,45
IPIRANGA DE GOIÁS,14,25
IPIRANGA DO NORTE,13,26
IPIRANGA DO PIAUÍ,10,23
IPIRANGA DO SUL,11,20
IPIRÁ,41,76
IPIXUNA,17,31
IPIXUNA DO PARÁ,66,108
IPOJUCA,41,77
IPORANGA,16,31
IPORÁ,57,108
IPORÃ,15,36
IPORÃ DO OESTE,14,29
IPU,32,49
IPUAÇU,12,30
IPUBI,20,33
IPUEIRA,7,17
IPUEIRAS,42,76
IPUIÚNA,13,28
IPUMIRIM,17,29
IPUPIARA,7,16
IPUÃ,32,58
IPÊ,12,22
IRACEMA,31,60
IRACEMA DO OESTE,7,15
IRACEMINHA,7,18
IRACEMÁPOLIS,40,64
IRAJUBA,9,21
IRAMAIA,24,44
IRANDUBA,74,140
IRANI,17,35
IRAPURU,20,36
IRAPUÃ,15,30
IRAQUARA,30,58
IRARÁ,30,65
IRATI,67,111
IRAUÇUBA,20,34
IRAÍ,15,25
IRAÍ DE MINAS,12,28
IRECÊ,58,112
IRETAMA,23,50
IRINEÓPOLIS,21,38
IRITUIA,33,72
IRUPI,26,54
ISAÍAS COELHO,6,18
ISRAELÂNDIA,10,19
ITAARA,20,36
ITABAIANA,74,140
ITABAIANINHA,36,70
ITABELA,25,46
ITABERABA,50,98
ITABERAÍ,22,39
ITABERÁ,26,56
ITABI,15,30
ITABIRA,80,150
ITABIRINHA,17,41
ITABIRITO,79,150
ITABORAÍ,58,114
ITABUNA,127,251
ITACAJÁ,10,18
ITACAMBIRA,15,35
ITACARAMBI,35,61
ITACARÉ,45,89
ITACOATIARA,95,181
ITACURUBA,9,18
ITACURUBI,9,19
ITAETÉ,24,46
ITAGI,17,33
ITAGIBÁ,31,60
ITAGIMIRIM,18,41
ITAGUAJÉ,16,34
ITAGUARA,37,74
ITAGUARI,20,36
ITAGUARU,19,35
ITAGUATINS,12,26
ITAGUAÇU,29,61
ITAGUAÇU DA BAHIA,13,29
ITAGUAÍ,67,137
ITAINÓPOLIS,9,24
ITAIPAVA DO GRAJAÚ,13,35
ITAIPULÂNDIA,21,37
ITAIPÉ,22,50
ITAITINGA,32,72
ITAITUBA,75,144
ITAIÇABA,24,36
ITAIÓPOLIS,27,57
ITAJAÍ,102,194
ITAJOBI,32,66
ITAJU,18,40
ITAJU DO COLÔNIA,13,30
ITAJUBÁ,58,101
ITAJUÍPE,29,42
ITAJÁ,31,69
ITALVA,18,46
ITAMARAJU,58,131
ITAMARANDIBA,40,85
ITAMARATI,9,23
ITAMARATI DE MINAS,19,41
ITAMARI,13,34
ITAMBACURI,28,55
ITAMBARACÁ,21,35
ITAMBÉ,87,146
ITAMBÉ DO MATO DENTRO,7,14
ITAMOGI,18,45
ITAMONTE,22,36
ITANAGRA,27,54
ITANHANDU,27,51
ITANHANGÁ,19,25
ITANHAÉM,77,128
ITANHOMI,19,41
ITANHÉM,32,77
ITAOBIM,31,55
ITAOCA,15,27
ITAOCARA,37,73
ITAPACI,19,39
ITAPAGIPE,11,27
ITAPAJÉ,50,93
ITAPARICA,38,85
ITAPEBI,21,51
ITAPECERICA,28,55
ITAPECERICA DA SERRA,91,190
ITAPECURU MIRIM,63,130
ITAPEJARA D'OESTE,14,33
ITAPEMA,58,90
ITAPEMIRIM,67,113
ITAPERUNA,86,163
ITAPERUÇU,32,70
ITAPETIM,17,33
ITAPETINGA,69,133
ITAPETININGA,112,220
ITAPEVA,119,224
ITAPEVI,93,190
ITAPICURU,38,68
ITAPIPOCA,49,99
ITAPIRA,62,116
ITAPIRANGA,55,112
ITAPIRAPUÃ,25,38
ITAPIRAPUÃ PAULISTA,17,30
ITAPIRATINS,11,18
ITAPISSUMA,25,52
ITAPITANGA,19,32
ITAPIÚNA,20,39
ITAPORANGA,45,87
ITAPORANGA D'AJUDA,43,78
ITAPOROROCA,16,31
ITAPORÃ,35,59
ITAPORÃ DO TOCANTINS,9,15
ITAPOÁ,41,80
ITAPUCA,6,14
ITAPURA,18,37
ITAPURANGA,31,62
ITAPUÃ DO OESTE,24,52
ITAPUÍ,32,58
ITAPÉ,20,34
ITAQUAQUECETUBA,88,191
ITAQUARA,19,44
ITAQUI,29,57
ITAQUIRAÍ,14,29
ITAQUITINGA,32,60
ITARANA,23,39
ITARANTIM,29,56
ITARARÉ,75,158
ITAREMA,33,61
ITARIRI,41,82
ITARUMÃ,23,38
ITATI,11,17
ITATIAIA,97,151
ITATIAIUÇU,33,59
ITATIBA,75,151
ITATIBA DO SUL,7,10
ITATIM,16,27
ITATINGA,40,77
ITATIRA,13,27
ITATUBA,14,30
ITAUBAL,14,28
ITAUEIRA,10,22
ITAUÇU,18,45
ITAVERAVA,18,44
ITAÍ,49,86
ITAÍBA,26,59
ITAÚ,8,18
ITAÚ DE MINAS,31,55
ITAÚBA,18,42
ITAÚNA,89,174
ITAÚNA DO SUL,14,31
ITINGA,25,56
ITINGA DO MARANHÃO,37,57
ITIQUIRA,33,60
ITIRAPINA,39,72
ITIRAPUÃ,22,42
ITIRUÇU,31,48
ITIÚBA,35,59
ITOBI,26,58
ITORORÓ,30,58
ITU,97,173
ITUAÇU,18,40
ITUBERÁ,40,87
ITUETA,15,31
ITUIUTABA,106,187
ITUMBIARA,41,93
ITUMIRIM,23,52
ITUPEVA,62,124
ITUPIRANGA,56,101
ITUPORANGA,23,43
ITURAMA,57,106
ITUTINGA,29,54
ITUVERAVA,45,94
ITÁ,22,35
ITÁPOLIS,43,95
IUIU,7,17
IVAIPORÃ,23,49
IVATUBA,10,21
IVATÉ,16,34
IVAÍ,28,56
IVINHEMA,41,68
IVOLÂNDIA,8,15
IVORÁ,8,16
IVOTI,14,31
IÇARA,39,67
IÚNA,38,75
JABOATÃO DOS GUARARAPES,162,337
JABORANDI,22,48
JABORÁ,17,30
JABOTI,18,29
JABOTICABA,6,15
JABOTICABAL,86,159
JABOTICATUBAS,40,74
JACARACI,15,32
JACARAÚ,22,40
JACAREACANGA,45,98
JACAREZINHO,31,70
JACAREÍ,69,129
JACARÉ DOS HOMENS,10,18
JACI,12,27
JACIARA,33,54
JACINTO,34,62
JACINTO MACHADO,11,26
JACOBINA,88,147
JACOBINA DO PIAUÍ,3,9
JACUIZINHO,9,19
JACUNDÁ,29,49
JACUPIRANGA,34,78
JACUTINGA,51,111
JACUÍ,17,36
JACUÍPE,8,18
JAGUAPITÃ,37,66
JAGUAQUARA,23,49
JAGUARARI,25,49
JAGUARAÇU,15,32
JAGUARETAMA,19,37
JAGUARI,14,28
JAGUARIAÍVA,52,98
JAGUARIBARA,19,31
JAGUARIBE,32,61
JAGUARIPE,29,58
JAGUARIÚNA,61,112
JAGUARUANA,20,34
JAGUARUNA,36,73
JAGUARÃO,24,50
JAGUARÉ,43,87
JAICÓS,13,27
JALES,42,78
JAMBEIRO,45,58
JAMPRUCA,20,40
JANAÚBA,54,109
JANDAIA,17,37
JANDAIA DO SUL,42,91
JANDAÍRA,32,62
JANDIRA,70,132
JANDUÍS,7,15
JANGADA,22,46
JANIÓPOLIS,19,42
JANUÁRIA,47,101
JAPARATINGA,14,30
JAPARATUBA,34,66
JAPARAÍBA,33,55
JAPERI,81,153
JAPI,10,23
JAPIRA,22,47
JAPOATÃ,17,33
JAPONVAR,15,35
JAPORÃ,25,49
JAPURÁ,44,88
JAQUEIRA,16,33
JAQUIRANA,16,26
JARAGUARI,19,47
JARAGUÁ,30,59
JARAGUÁ DO SUL,43,82
JARAMATAIA,3,9
JARDIM,64,107
JARDIM ALEGRE,16,38
JARDIM DE ANGICOS,8,17
JARDIM DE PIRANHAS,8,21
JARDIM DO MULATO,9,25
JARDIM DO SERIDÓ,11,25
JARDIM OLINDA,13,22
JARDINÓPOLIS,69,123
JARI,12,24
JARINU,79,129
JARU,44,90
JATAIZINHO,39,83
JATAÍ,35,61
JATAÚBA,16,35
JATEÍ,12,24
JATI,10,20
JATOBÁ,31,65
JATOBÁ DO PIAUÍ,12,30
JAUPACI,12,26
JAURU,14,33
JAÇANÃ,11,23
JAÍBA,35,75
JAÚ,92,166
JAÚ DO TOCANTINS,24,26
JECEABA,22,55
JENIPAPO DE MINAS,17,35
JENIPAPO DOS VIEIRAS,13,25
JEQUERI,27,57
JEQUITAÍ,20,32
JEQUITIBÁ,25,45
JEQUITINHONHA,48,98
JEQUIÁ DA PRAIA,20,34
JEQUIÉ,71,159
JEREMOABO,19,41
JERICÓ,7,18
JERIQUARA,21,33
JERUMENHA,12,27
JERÔNIMO MONTEIRO,26,53
JESUÂNIA,20,42
JESUÍTAS,22,47
JESÚPOLIS,13,19
JI-PARANÁ,66,131
JIJOCA DE JERICOACOARA,32,55
JIQUIRIÇÁ,14,28
JITAÚNA,6,17
JOANÉSIA,22,51
JOANÓPOLIS,32,67
JOAQUIM FELÍCIO,17,29
JOAQUIM GOMES,19,38
JOAQUIM NABUCO,19,35
JOAQUIM PIRES,12,26
JOAQUIM TÁVORA,21,51
JOAÇABA,24,49
JOAÍMA,23,48
JOCA CLAUDINO,5,15
JOCA MARQUES,16,28
JOINVILLE,84,170
JORDÂNIA,22,38
JORDÃO,24,45
JOSELÂNDIA,10,26
JOSENÓPOLIS,10,25
JOSÉ BOITEUX,17,30
JOSÉ BONIFÁCIO,36,84
JOSÉ DA PENHA,7,16
JOSÉ DE FREITAS,36,68
JOSÉ GONÇALVES DE MINAS,19,35
JOSÉ RAYDAN,19,43
JOVIÂNIA,26,49
JOÃO ALFREDO,17,36
JOÃO COSTA,11,26
JOÃO CÂMARA,20,35
JOÃO DIAS,10,19
JOÃO DOURADO,14,23
JOÃO LISBOA,30,53
JOÃO MONLEVADE,73,133
JOÃO NEIVA,37,70
JOÃO PESSOA,151,303
JOÃO PINHEIRO,49,103
JOÃO RAMALHO,14,30
JUARA,27,46
JUAREZ TÁVORA,9,25
JUARINA,15,23
JUATUBA,43,81
JUAZEIRINHO,19,29
JUAZEIRO,107,205
JUAZEIRO DO NORTE,122,211
JUAZEIRO DO PIAUÍ,8,15
JUCATI,9,19
JUCURUTU,13,22
JUCURUÇU,16,32
JUCÁS,15,31
JUIZ DE FORA,138,247
JUMIRIM,11,19
JUNCO DO MARANHÃO,15,21
JUNCO DO SERIDÓ,9,23
JUNDIAÍ,95,193
JUNDIAÍ DO SUL,11,26
JUNDIÁ,18,40
JUNQUEIRO,22,39
JUNQUEIRÓPOLIS,22,50
JUPI,18,31
JUPIÁ,10,20
JUQUITIBA,53,96
JUQUIÁ,46,89
JURAMENTO,22,40
JURANDA,16,32
JUREMA,21,39
JURIPIRANGA,12,26
JURU,10,16
JURUAIA,12,28
JURUENA,25,46
JURUTI,52,95
JURUÁ,30,68
JUSCIMEIRA,26,39
JUSSARA,72,139
JUSSARI,16,37
JUSSIAPE,7,18
JUTAÍ,44,89
JUTI,14,26
JUVENÍLIA,13,33
JUÍNA,33,64
JÓIA,18,41
JÚLIO BORGES,12,20
JÚLIO DE CASTILHOS,25,53
JÚLIO MESQUITA,13,29
KALORÉ,20,35
LACERDÓPOLIS,9,19
LADAINHA,39,81
LADÁRIO,47,82
LAFAIETE COUTINHO,15,35
LAGAMAR,21,46
LAGARTO,62,109
LAGES,70,133
LAGO DA PEDRA,24,44
LAGO DO JUNCO,13,24
LAGO DOS RODRIGUES,7,17
LAGO VERDE,19,29
LAGOA,8,13
LAGOA ALEGRE,18,31
LAGOA BONITA DO SUL,6,11
LAGOA D'ANTA,6,17
LAGOA DA CANOA,25,48
LAGOA DA CONFUSÃO,23,54
LAGOA DA PRATA,37,72
LAGOA DE DENTRO,16,35
LAGOA DE ITAENGA,32,64
LAGOA DE PEDRAS,14,27
LAGOA DE SÃO FRANCISCO,10,22
LAGOA DE VELHOS,11,20
LAGOA DO BARRO DO PIAUÍ,10,18
LAGOA DO CARRO,41,72
LAGOA DO MATO,16,29
LAGOA DO OURO,17,35
LAGOA DO PIAUÍ,12,21
LAGOA DO SÍTIO,10,20
LAGOA DO TOCANTINS,12,28
LAGOA DOS GATOS,14,30
LAGOA DOS PATOS,14,34
LAGOA DOS TRÊS CANTOS,8,16
LAGOA DOURADA,23,50
LAGOA FORMOSA,15,30
LAGOA GRANDE,37,70
LAGOA GRANDE DO MARANHÃO,10,19
LAGOA NOVA,16,32
LAGOA REAL,6,18
LAGOA SALGADA,11,22
LAGOA SANTA,93,173
LAGOA SECA,24,45
LAGOA VERMELHA,34,62
LAGOINHA,21,44
LAGOINHA DO PIAUÍ,14,16
LAGOÃO,13,31
LAGUNA,46,91
LAGUNA CARAPÃ,20,37
LAJE,24,49
LAJE DO MURIAÉ,28,62
LAJEADO,54,109
LAJEADO DO BUGRE,8,15
LAJEADO GRANDE,10,24
LAJEADO NOVO,12,21
LAJEDINHO,12,29
LAJEDO,28,48
LAJEDO DO TABOCAL,13,23
LAJEDÃO,16,33
LAJES,23,40
LAJES PINTADAS,6,14
LAJINHA,23,47
LAMARÃO,19,36
LAMBARI,47,90
LAMBARI D'OESTE,16,30
LAMIM,14,33
LANDRI SALES,8,13
LAPA,24,55
LAPÃO,13,23
LARANJA DA TERRA,22,58
LARANJAL,31,72
LARANJAL DO JARI,36,58
LARANJAL PAULISTA,39,69
LARANJEIRAS,34,52
LARANJEIRAS DO SUL,61,115
LASSANCE,19,45
LASTRO,8,16
LAURENTINO,14,32
LAURO DE FREITAS,127,243
LAURO MÜLLER,15,39
LAVANDEIRA,8,17
LAVRAS,85,159
LAVRAS DA MANGABEIRA,23,32
LAVRAS DO SUL,18,36
LAVRINHAS,28,52
LAVÍNIA,21,47
LEANDRO FERREIRA,16,39
LEBON RÉGIS,35,69
LEME,63,100
LEME DO PRADO,13,29
LENÇÓIS,27,53
LENÇÓIS PAULISTA,50,99
LEOBERTO LEAL,14,23
LEOPOLDINA,49,108
LEOPOLDO DE BULHÕES,20,39
LEÓPOLIS,13,27
LIBERATO SALZANO,15,25
LIBERDADE,18,40
LICÍNIO DE ALMEIDA,14,37
LIDIANÓPOLIS,16,40
LIMA CAMPOS,8,16
LIMA DUARTE,32,57
LIMEIRA,126,247
LIMEIRA DO OESTE,18,42
LIMOEIRO,50,93
LIMOEIRO DE ANADIA,20,42
LIMOEIRO DO AJURU,28,55
LIMOEIRO DO NORTE,37,65
LINDOESTE,18,36
LINDOLFO COLLOR,17,37
LINDÓIA,14,30
LINDÓIA DO SUL,11,24
LINHA NOVA,10,13
LINHARES,81,157
LINS,55,115
LIVRAMENTO,8,19
LIVRAMENTO DE NOSSA SENHORA,28,53
LIZARDA,12,20
LOANDA,26,51
LOBATO,18,36
LOGRADOURO,12,28
LONDRINA,122,234
LONTRA,23,39
LONTRAS,12,25
LORENA,81,135
LORETO,15,29
LOURDES,13,19
LOUVEIRA,40,73
LUCAS DO RIO VERDE,41,61
LUCENA,18,36
LUCIANÓPOLIS,13,27
LUCIARA,14,31
LUCRÉCIA,5,7
LUCÉLIA,41,78
LUIS CORREIA,36,70
LUISBURGO,35,66
LUISLÂNDIA,16,38
LUIZ ALVES,14,29
LUIZIANA,15,36
LUIZIÂNIA,12,30
LUMINÁRIAS,14,27
LUNARDELLI,18,30
LUPIONÓPOLIS,17,35
LUPÉRCIO,17,37
LUTÉCIA,15,27
LUZ,31,72
LUZERNA,14,29
LUZILÂNDIA,14,24
LUZINÓPOLIS,6,14
LUZIÂNIA,119,215
LUÍS ANTÔNIO,42,85
LUÍS DOMINGUES,20,33
LUÍS EDUARDO MAGALHÃES,68,128
LUÍS GOMES,6,18
LÁBREA,36,62
MACAJUBA,13,31
MACAMBIRA,9,21
MACAPARANA,20,37
MACAPÁ,104,177
MACARANI,32,55
MACATUBA,42,76
MACAU,33,54
MACAUBAL,26,46
MACAÉ,85,174
MACAÍBA,40,76
MACAÚBAS,30,52
MACEDÔNIA,20,37
MACEIÓ,110,214
MACHACALIS,17,30
MACHADINHO,14,28
MACHADINHO D'OESTE,51,93
MACHADO,51,89
MACHADOS,12,24
MACIEIRA,14,26
MACUCO,29,66
MACURURÉ,11,20
MADALENA,14,33
MADEIRO,10,26
MADRE DE DEUS,45,78
MADRE DE DEUS DE MINAS,22,37
MAETINGA,13,29
MAFRA,44,87
MAGALHÃES BARATA,27,57
MAGALHÃES DE ALMEIDA,16,34
MAGDA,10,21
MAGÉ,63,119
MAIQUINIQUE,24,50
MAIRI,18,35
MAIRINQUE,58,109
MAIRIPORÃ,45,83
MAIRIPOTABA,10,22
MAJOR GERCINO,13,24
MAJOR ISIDORO,10,23
MAJOR SALES,6,11
MAJOR VIEIRA,20,35
MALACACHETA,36,74
MALHADA,18,41
MALHADA DE PEDRAS,7,19
MALHADA DOS BOIS,12,28
MALHADOR,8,20
MALLET,26,62
MALTA,6,12
MAMANGUAPE,24,54
MAMBAÍ,20,37
MAMBORÊ,29,58
MAMONAS,9,22
MAMPITUBA,14,28
MANACAPURU,56,111
MANAQUIRI,41,65
MANARI,16,35
MANAUS,272,564
MANAÍRA,14,29
MANDAGUARI,40,79
MANDAGUAÇU,37,90
MANDIRITUBA,32,67
MANDURI,17,37
MANFRINÓPOLIS,11,27
MANGA,48,100
MANGARATIBA,81,143
MANGUEIRINHA,31,55
MANHUAÇU,97,187
MANHUMIRIM,45,89
MANICORÉ,45,95
MANOEL EMÍDIO,9,17
MANOEL RIBAS,12,29
MANOEL URBANO,20,33
MANOEL VIANA,20,31
MANOEL VITORINO,15,33
MANSIDÃO,14,29
MANTENA,49,88
MANTENÓPOLIS,21,44
MAQUINÉ,15,34
MAR DE ESPANHA,18,46
MAR VERMELHO,4,8
MARA ROSA,12,26
MARABÁ,92,176
MARABÁ PAULISTA,19,43
MARACAJU,25,46
MARACAJÁ,18,34
MARACANAÚ,83,153
MARACANÃ,35,70
MARACAÇUMÉ,28,47
MARACAÍ,27,51
MARACÁS,32,58
MARAGOGI,25,62
MARAGOGIPE,42,80
MARAIAL,21,36
MARAJÁ DO SENA,10,13
MARANGUAPE,79,139
MARANHÃOZINHO,10,24
MARAPANIM,26,56
MARAPOAMA,13,25
MARATAÍZES,61,106
MARATÁ,15,20
MARAU,21,46
MARAVILHA,34,69
MARAVILHAS,20,37
MARAÃ,31,66
MARAÚ,41,81
MARCAÇÃO,11,15
MARCELINO RAMOS,12,19
MARCELINO VIEIRA,7,15
MARCELÂNDIA,8,14
MARCIONÍLIO SOUZA,22,41
MARCO,21,37
MARCOLÂNDIA,18,32
MARCOS PARENTE,12,26
MARECHAL CÂNDIDO RONDON,34,66
MARECHAL DEODORO,40,76
MARECHAL FLORIANO,50,98
MARECHAL THAUMATURGO,34,55
MAREMA,8,18
MARI,34,50
MARIA DA FÉ,28,56
MARIA HELENA,18,38
MARIALVA,65,121
MARIANA,57,123
MARIANA PIMENTEL,19,39
MARIANO MORO,8,18
MARIANÓPOLIS DO TOCANTINS,15,30
MARIBONDO,12,32
MARICÁ,57,117
MARILAC,27,55
MARILENA,25,44
MARILUZ,21,48
MARILÂNDIA,18,45
MARILÂNDIA DO SUL,16,38
MARINGÁ,124,244
MARINÓPOLIS,10,14
MARIPÁ,14,24
MARIPÁ DE MINAS,9,15
MARITUBA,77,135
MARIZÓPOLIS,6,17
MARIÁPOLIS,23,38
MARIÓPOLIS,17,21
MARLIÉRIA,21,47
MARMELEIRO,24,39
MARMELÓPOLIS,14,32
MARQUES DE SOUZA,12,23
MARQUINHO,9,20
MARTINHO CAMPOS,31,62
MARTINS,13,24
MARTINS SOARES,23,47
MARTINÓPOLE,17,31
MARTINÓPOLIS,47,90
MARUIM,34,62
MARUMBI,23,49
MARZAGÃO,10,19
MARÍLIA,104,209
MASCOTE,22,43
MASSAPÊ,25,48
MASSAPÊ DO PIAUÍ,7,20
MASSARANDUBA,40,87
MATA,12,29
MATA DE SÃO JOÃO,50,96
MATA GRANDE,9,19
MATA ROMA,15,24
MATA VERDE,14,27
MATARACA,19,32
MATEIROS,12,30
MATELÂNDIA,41,66
MATERLÂNDIA,19,37
MATEUS LEME,61,108
MATHIAS LOBATO,11,25
MATIAS BARBOSA,25,61
MATIAS CARDOSO,15,33
MATIAS OLÍMPIO,13,33
MATINA,10,22
MATINHA,30,44
MATINHAS,9,16
MATINHOS,87,145
MATIPÓ,26,57
MATO CASTELHANO,10,22
MATO GROSSO,8,10
MATO LEITÃO,15,37
MATO QUEIMADO,11,16
MATO RICO,11,20
MATO VERDE,16,35
MATOS COSTA,18,28
MATOZINHOS,53,101
MATRINCHÃ,14,14
MATRIZ DE CAMARAGIBE,20,46
MATUPÁ,18,44
MATURÉIA,11,29
MATUTINA,9,21
MATÃO,43,81
MATÕES,28,45
MATÕES DO NORTE,30,48
MAURILÂNDIA,17,43
MAURILÂNDIA DO TOCANTINS,16,30
MAURITI,23,38
MAUÁ,138,265
MAUÁ DA SERRA,30,63
MAUÉS,60,114
MAXARANGUAPE,17,32
MAXIMILIANO DE ALMEIDA,11,23
MAZAGÃO,37,71
MAÇAMBARÁ,17,26
MEDEIROS,17,31
MEDEIROS NETO,36,67
MEDIANEIRA,36,78
MEDICILÂNDIA,42,83
MEDINA,41,76
MELEIRO,8,18
MELGAÇO,19,39
MENDES,32,77
MENDES PIMENTEL,17,34
MENDONÇA,19,29
MERCEDES,13,21
MERCÊS,19,39
MERIDIANO,22,38
MERUOCA,19,34
MESQUITA,95,203
MESSIAS,32,70
MESSIAS TARGINO,10,20
MESÓPOLIS,12,23
MIGUEL ALVES,36,63
MIGUEL CALMON,31,57
MIGUEL LEÃO,7,17
MIGUEL PEREIRA,42,85
MIGUELÓPOLIS,31,67
MILAGRES,35,67
MILAGRES DO MARANHÃO,11,19
MILHÃ,12,24
MILTON BRANDÃO,8,18
MIMOSO DE GOIÁS,17,33
MIMOSO DO SUL,28,55
MINADOR DO NEGRÃO,9,20
MINAS DO LEÃO,20,36
MINAS NOVAS,22,49
MINAÇU,33,61
MINDURI,19,33
MINEIROS,62,110
MINEIROS DO TIETÊ,15,29
MINISTRO ANDREAZZA,16,26
MIRA ESTRELA,14,20
MIRABELA,24,46
MIRACATU,42,84
MIRACEMA,62,108
MIRACEMA DO TOCANTINS,26,46
MIRADOR,38,69
MIRADOURO,17,44
MIRAGUAÍ,16,29
MIRANDA,43,62
MIRANDA DO NORTE,27,46
MIRANDIBA,13,29
MIRANDÓPOLIS,21,46
MIRANGABA,21,42
MIRANORTE,23,41
MIRANTE,10,20
MIRANTE DA SERRA,26,57
MIRANTE DO PARANAPANEMA,36,59
MIRASELVA,15,27
MIRASSOL,53,95
MIRASSOL D'OESTE,35,73
MIRASSOLÂNDIA,10,21
MIRAVÂNIA,13,23
MIRAÍ,21,43
MIRAÍMA,7,16
MIRIM DOCE,13,25
MIRINZAL,25,45
MISSAL,23,35
MISSÃO VELHA,9,19
MOCAJUBA,39,78
MOCOCA,80,157
MODELO,11,23
MOEDA,18,43
MOEMA,27,38
MOGEIRO,18,41
MOGI DAS CRUZES,138,254
MOGI GUAÇU,61,113
MOGI MIRIM,88,146
MOIPORÁ,9,23
MOITA BONITA,6,17
MOJU,57,115
MOJUÍ DOS CAMPOS,31,59
MOMBAÇA,19,35
MOMBUCA,25,52
MONDAÍ,14,33
MONGAGUÁ,74,129
MONJOLOS,28,49
MONSENHOR GIL,21,45
MONSENHOR HIPÓLITO,8,21
MONSENHOR PAULO,16,30
MONSENHOR TABOSA,9,18
MONTADAS,14,28
MONTALVÂNIA,23,49
MONTANHA,44,78
MONTANHAS,21,36
MONTAURI,8,13
MONTE ALEGRE,59,117
MONTE ALEGRE DE GOIÁS,17,36
MONTE ALEGRE DE MINAS,25,46
MONTE ALEGRE DE SERGIPE,12,24
MONTE ALEGRE DO PIAUÍ,17,28
MONTE ALEGRE DO SUL,33,63
MONTE ALEGRE DOS CAMPOS,9,21
MONTE ALTO,54,97
MONTE APRAZÍVEL,42,90
MONTE AZUL,25,43
MONTE AZUL PAULISTA,38,69
MONTE BELO,27,49
MONTE BELO DO SUL,9,15
MONTE CARLO,21,49
MONTE CARMELO,41,93
MONTE CASTELO,30,69
MONTE DAS GAMELEIRAS,11,20
MONTE DO CARMO,19,45
MONTE FORMOSO,19,41
MONTE HOREBE,8,15
MONTE MOR,79,144
MONTE NEGRO,22,40
MONTE SANTO,38,68
MONTE SANTO DE MINAS,27,51
MONTE SANTO DO TOCANTINS,11,22
MONTE SIÃO,23,47
MONTEIRO,28,49
MONTEIRO LOBATO,19,34
MONTEIRÓPOLIS,15,24
MONTENEGRO,36,63
MONTES ALTOS,12,26
MONTES CLAROS,145,267
MONTES CLAROS DE GOIÁS,23,34
MONTEZUMA,13,22
MONTIVIDIU,27,53
MONTIVIDIU DO NORTE,17,27
MONÇÃO,31,63
MONÇÕES,15,31
MORADA NOVA,37,64
MORADA NOVA DE MINAS,18,43
MORAÚJO,9,21
MOREILÂNDIA,14,30
MOREIRA SALES,17,31
MORENO,66,117
MORMAÇO,16,24
MORPARÁ,12,27
MORRETES,51,89
MORRINHOS,66,134
MORRINHOS DO SUL,8,14
MORRO AGUDO,37,66
MORRO AGUDO DE GOIÁS,18,24
MORRO CABEÇA NO TEMPO,11,25
MORRO DA FUMAÇA,16,34
MORRO DA GARÇA,12,27
MORRO DO CHAPÉU,41,66
MORRO DO CHAPÉU DO PIAUÍ,13,29
MORRO DO PILAR,28,45
MORRO GRANDE,15,26
MORRO REDONDO,17,30
MORRO REUTER,10,21
MORROS,30,60
MORTUGABA,18,31
MORUNGABA,27,47
MOSSORÓ,76,157
MOSSÂMEDES,21,29
MOSTARDAS,13,30
MOTUCA,24,38
MOZARLÂNDIA,27,62
MUANÁ,40,70
MUCAJAÍ,35,61
MUCAMBO,6,10
MUCUGÊ,15,33
MUCURI,70,128
MUCURICI,17,36
MUITOS CAPÕES,10,14
MULITERNO,9,21
MULUNGU,28,50
MULUNGU DO MORRO,17,36
MUNDO NOVO,76,137
MUNHOZ,18,41
MUNHOZ DE MELO,15,27
MUNIZ FERREIRA,17,35
MUNIZ FREIRE,27,56
MUQUI,32,68
MUQUÉM DO SÃO FRANCISCO,15,30
MURIAÉ,90,171
MURIBECA,11,27
MURICI,17,34
MURICI DOS PORTELAS,15,28
MURICILÂNDIA,13,26
MURITIBA,50,87
MURUTINGA DO SUL,17,34
MUTUM,36,68
MUTUNÓPOLIS,10,19
MUTUÍPE,42,83
MUZAMBINHO,55,109
MUÇUM,10,26
MÁRIO CAMPOS,27,55
MÂNCIO LIMA,42,70
MÃE D'ÁGUA,7,15
MÃE DO RIO,33,57
NACIP RAYDAN,8,19
NANTES,15,33
NANUQUE,43,82
NAQUE,32,47
NARANDIBA,26,48
NATAL,150,293
NATALÂNDIA,19,37
NATIVIDADE,65,121
NATIVIDADE DA SERRA,28,60
NATUBA,8,19
NATÉRCIA,13,26
NAVEGANTES,47,73
NAVIRAÍ,51,107
NAZARENO,34,65
NAZAREZINHO,6,16
NAZARÉ,46,86
NAZARÉ DA MATA,51,93
NAZARÉ DO PIAUÍ,12,25
NAZARÉ PAULISTA,40,73
NAZÁRIA,23,40
NAZÁRIO,22,48
NEPOMUCENO,46,89
NERÓPOLIS,61,111
NEVES PAULISTA,16,42
NEÓPOLIS,24,44
NHAMUNDÁ,40,69
NHANDEARA,21,50
NICOLAU VERGUEIRO,9,19
NILO PEÇANHA,13,30
NILÓPOLIS,46,99
NINA RODRIGUES,19,34
NINHEIRA,15,35
NIOAQUE,19,44
NIPOÃ,19,42
NIQUELÂNDIA,51,97
NITERÓI,114,201
NOBRES,34,47
NONOAI,22,38
NORDESTINA,22,42
NORMANDIA,19,38
NORTELÂNDIA,25,37
NOSSA SENHORA APARECIDA,8,12
NOSSA SENHORA DA GLÓRIA,18,33
NOSSA SENHORA DAS DORES,26,53
NOSSA SENHORA DAS GRAÇAS,10,23
NOSSA SENHORA DE LOURDES,8,16
NOSSA SENHORA DE NAZARÉ,7,19
NOSSA SENHORA DO LIVRAMENTO,23,50
NOSSA SENHORA DO SOCORRO,130,223
NOSSA SENHORA DOS REMÉDIOS,9,24
NOVA ALIANÇA,23,46
NOVA ALIANÇA DO IVAÍ,8,17
NOVA ALVORADA,6,12
NOVA ALVORADA DO SUL,31,59
NOVA AMÉRICA,14,26
NOVA AMÉRICA DA COLINA,13,31
NOVA ANDRADINA,61,103
NOVA ARAÇÁ,14,26
NOVA AURORA,22,42
NOVA BANDEIRANTES,37,74
NOVA BASSANO,7,17
NOVA BELÉM,10,25
NOVA BOA VISTA,14,19
NOVA BRASILÂNDIA,13,22
NOVA BRASILÂNDIA D'OESTE,25,48
NOVA BRÉSCIA,6,13
NOVA CAMPINA,26,58
NOVA CANAÃ,18,35
NOVA CANAÃ DO NORTE,19,46
NOVA CANAÃ PAULISTA,21,24
NOVA CANDELÁRIA,8,18
NOVA CANTU,23,42
NOVA CASTILHO,12,22
NOVA COLINAS,12,20
NOVA CRIXÁS,21,41
NOVA CRUZ,26,46
NOVA ERA,30,64
NOVA ERECHIM,18,26
NOVA ESPERANÇA,42,94
NOVA ESPERANÇA DO PIRIÁ,16,31
NOVA ESPERANÇA DO SUDOESTE,13,27
NOVA ESPERANÇA DO SUL,13,22
NOVA EUROPA,30,68
NOVA FLORESTA,16,23
NOVA FRIBURGO,119,256
NOVA FÁTIMA,39,86
NOVA GLÓRIA,13,33
NOVA GRANADA,44,89
NOVA GUARITA,17,28
NOVA GUATAPORANGA,18,32
NOVA HARTZ,20,37
NOVA IBIÁ,17,37
NOVA IGUAÇU,166,324
NOVA IGUAÇU DE GOIÁS,13,21
NOVA INDEPENDÊNCIA,27,36
NOVA IORQUE,13,24
NOVA IPIXUNA,27,44
NOVA ITABERABA,11,22
NOVA ITARANA,17,30
NOVA LACERDA,23,40
NOVA LARANJEIRAS,16,32
NOVA LIMA,78,140
NOVA LONDRINA,29,53
NOVA LUZITÂNIA,18,35
NOVA MAMORÉ,33,67
NOVA MARILÂNDIA,19,30
NOVA MARINGÁ,26,33
NOVA MONTE VERDE,23,41
NOVA MUTUM,33,62
NOVA MÓDICA,13,24
NOVA NAZARÉ,17,28
NOVA ODESSA,59,127
NOVA OLINDA,44,75
NOVA OLINDA DO MARANHÃO,18,32
NOVA OLINDA DO NORTE,47,102
NOVA OLÍMPIA,43,88
NOVA PALMA,11,23
NOVA PALMEIRA,9,15
NOVA PETRÓPOLIS,24,50
NOVA PONTE,21,43
NOVA PORTEIRINHA,30,48
NOVA PRATA,28,48
NOVA PRATA DO IGUAÇU,20,42
NOVA PÁDUA,14,28
NOVA RAMADA,11,16
NOVA REDENÇÃO,12,29
NOVA RESENDE,38,81
NOVA ROMA,11,22
NOVA ROMA DO SUL,12,17
NOVA ROSALÂNDIA,9,21
NOVA RUSSAS,21,30
NOVA SANTA BÁRBARA,20,35
NOVA SANTA HELENA,12,26
NOVA SANTA RITA,44,94
NOVA SANTA ROSA,14,27
NOVA SERRANA,97,197
NOVA SOURE,32,69
NOVA TEBAS,24,53
NOVA TIMBOTEUA,28,39
NOVA TRENTO,13,29
NOVA UBIRATÃ,28,50
NOVA UNIÃO,45,75
NOVA VENEZA,39,73
NOVA VENÉCIA,69,134
NOVA VIÇOSA,51,90
NOVA XAVANTINA,27,56
NOVAIS,20,37
NOVO ACORDO,14,27
NOVO AIRÃO,25,59
NOVO ALEGRE,11,23
NOVO ARIPUANÃ,33,65
NOVO BARREIRO,19,27
NOVO BRASIL,11,16
NOVO CABRAIS,21,36
NOVO CRUZEIRO,49,94
NOVO GAMA,85,176
NOVO HAMBURGO,58,104
NOVO HORIZONTE,56,110
NOVO HORIZONTE DO NORTE,13,27
NOVO HORIZONTE DO OESTE,16,38
NOVO HORIZONTE DO SUL,12,21
NOVO ITACOLOMI,13,34
NOVO JARDIM,17,31
NOVO LINO,10,22
NOVO MACHADO,12,23
NOVO MUNDO,19,42
NOVO ORIENTE,10,21
NOVO ORIENTE DE MINAS,33,60
NOVO ORIENTE DO PIAUÍ,14,26
NOVO PLANALTO,8,21
NOVO PROGRESSO,39,67
NOVO REPARTIMENTO,51,103
NOVO SANTO ANTÔNIO,20,38
NOVO SÃO JOAQUIM,12,25
NOVO TIRADENTES,8,19
NOVO TRIUNFO,5,14
NOVO XINGU,5,12
NOVORIZONTE,12,29
NUPORANGA,14,24
NÃO-ME-TOQUE,12,30
NÍSIA FLORESTA,42,79
OCARA,28,49
OCAUÇU,16,31
OEIRAS,22,43
OEIRAS DO PARÁ,44,93
OIAPOQUE,50,104
OLARIA,12,19
OLHO D'ÁGUA,7,14
OLHO D'ÁGUA DAS CUNHÃS,17,25
OLHO D'ÁGUA DAS FLORES,10,26
OLHO D'ÁGUA DO BORGES,9,13
OLHO D'ÁGUA DO CASADO,14,32
OLHO D'ÁGUA DO PIAUÍ,11,20
OLHO D'ÁGUA GRANDE,11,15
OLHOS D'ÁGUA,17,34
OLINDA,100,195
OLINDA NOVA DO MARANHÃO,25,52
OLINDINA,18,42
OLIVEDOS,11,23
OLIVEIRA,63,110
OLIVEIRA DE FÁTIMA,6,18
OLIVEIRA DOS BREJINHOS,16,38
OLIVEIRA FORTES,8,19
OLIVENÇA,9,25
OLÍMPIA,59,109
OLÍMPIO NORONHA,19,46
ONDA VERDE,17,35
ONÇA DE PITANGUI,17,39
ORATÓRIOS,23,47
ORIENTE,12,29
ORINDIÚVA,15,27
ORIXIMINÁ,65,123
ORIZONA,25,54
ORIZÂNIA,22,38
ORLEANS,25,48
ORLÂNDIA,25,54
OROBÓ,21,36
OROCÓ,15,33
ORTIGUEIRA,54,94
ORÓS,18,32
OSASCO,137,268
OSCAR BRESSANE,17,31
OSVALDO CRUZ,56,101
OSÓRIO,33,63
OTACÍLIO COSTA,19,44
OURICURI,29,63
OURILÂNDIA DO NORTE,29,62
OURINHOS,71,155
OURIZONA,17,22
OURIÇANGAS,24,46
OURO,14,25
OURO BRANCO,67,139
OURO FINO,52,99
OURO PRETO,58,117
OURO PRETO DO OESTE,33,69
OURO VELHO,6,10
OURO VERDE,49,87
OURO VERDE DE GOIÁS,9,20
OURO VERDE DE MINAS,18,32
OURO VERDE DO OESTE,25,49
OUROESTE,20,40
OUROLÂNDIA,21,40
OURÉM,28,53
OUVIDOR,10,24
PACAEMBU,27,51
PACAJUS,51,92
PACAJÁ,43,93
PACARAIMA,26,44
PACATUBA,64,129
PACOTI,35,69
PACUJÁ,13,21
PADRE BERNARDO,51,94
PADRE CARVALHO,19,41
PADRE MARCOS,6,14
PADRE PARAÍSO,24,54
PAES LANDIM,13,30
PAI PEDRO,14,33
PAIAL,17,28
PAIM FILHO,11,17
PAINEIRAS,22,36
PAINEL,14,29
PAINS,22,45
PAIVA,15,33
PAIÇANDU,29,65
PAJEÚ DO PIAUÍ,6,12
PALESTINA,35,64
PALESTINA DE GOIÁS,15,28
PALESTINA DO PARÁ,21,33
PALHANO,17,37
PALHOÇA,108,196
PALMA,14,28
PALMA SOLA,18,30
PALMARES,45,81
PALMARES DO SUL,34,64
PALMARES PAULISTA,18,34
PALMAS,161,283
PALMAS DE MONTE ALTO,23,39
PALMEIRA,45,109
PALMEIRA D'OESTE,15,27
PALMEIRA DAS MISSÕES,34,63
PALMEIRA DO PIAUÍ,7,12
PALMEIRA DOS ÍNDIOS,52,89
PALMEIRAIS,21,43
PALMEIRANTE,15,29
PALMEIRAS,16,27
PALMEIRAS DE GOIÁS,33,64
PALMEIRAS DO TOCANTINS,9,25
PALMEIRINA,19,35
PALMEIRÂNDIA,30,62
PALMEIRÓPOLIS,19,29
PALMELO,8,14
PALMINÓPOLIS,7,20
PALMITAL,70,117
PALMITINHO,19,41
PALMITOS,18,39
PALMÁCIA,13,33
PALMÓPOLIS,16,35
PALOTINA,26,53
PANAMBI,40,72
PANAMÁ,21,37
PANCAS,36,81
PANELAS,16,33
PANORAMA,33,70
PANTANO GRANDE,22,41
PAPAGAIOS,23,35
PAPANDUVA,16,35
PAQUETÁ,10,22
PARACAMBI,31,64
PARACATU,93,178
PARACURU,59,96
PARAGOMINAS,106,193
PARAGUAÇU,26,55
PARAGUAÇU PAULISTA,55,105
PARAIBANO,21,33
PARAIBUNA,40,78
PARAIPABA,29,41
PARAISÓPOLIS,36,81
PARAMBU,15,29
PARAMIRIM,17,34
PARAMOTI,11,22
PARANACITY,28,58
PARANAGUÁ,119,247
PARANAIGUARA,28,55
PARANAPANEMA,41,80
PARANAPOEMA,11,19
PARANAPUÃ,14,25
PARANATAMA,13,31
PARANATINGA,33,59
PARANAVAÍ,53,112
PARANAÍBA,53,90
PARANAÍTA,16,33
PARANHOS,20,36
PARANÁ,8,11
PARANÃ,28,57
PARAOPEBA,45,93
PARAPUÃ,36,68
PARARI,6,14
PARATINGA,19,44
PARATY,74,132
PARAUAPEBAS,84,155
PARAZINHO,12,25
PARAÍ,6,16
PARAÍBA DO SUL,49,93
PARAÍSO,37,73
PARAÍSO DAS ÁGUAS,14,32
PARAÍSO DO NORTE,16,37
PARAÍSO DO SUL,20,32
PARAÍSO DO TOCANTINS,49,89
PARAÚ,10,16
PARAÚNA,28,60
PARDINHO,30,54
PARECI NOVO,15,22
PARECIS,17,31
PARELHAS,13,25
PARICONHA,18,34
PARINTINS,89,143
PARIPIRANGA,12,27
PARIPUEIRA,9,25
PARIQUERA-AÇU,33,66
PARISI,12,30
PARNAGUÁ,13,30
PARNAMIRIM,120,215
PARNARAMA,31,49
PARNAÍBA,69,146
PAROBÉ,48,105
PARÁ DE MINAS,86,154
PASSA E FICA,7,16
PASSA QUATRO,31,51
PASSA SETE,10,26
PASSA TEMPO,23,48
PASSA VINTE,20,39
PASSABÉM,9,20
PASSAGEM,19,32
PASSAGEM FRANCA,19,38
PASSAGEM FRANCA DO PIAUÍ,7,17
PASSIRA,26,45
PASSO DE CAMARAGIBE,16,37
PASSO DE TORRES,19,41
PASSO DO SOBRADO,21,37
PASSO FUNDO,76,150
PASSOS,40,72
PASSOS MAIA,11,23
PASTOS BONS,11,24
PATIS,14,31
PATO BRAGADO,11,17
PATO BRANCO,48,83
PATOS,56,106
PATOS DE MINAS,79,146
PATOS DO PIAUÍ,6,14
PATROCÍNIO,45,82
PATROCÍNIO DO MURIAÉ,20,40
PATROCÍNIO PAULISTA,43,87
PATU,13,15
PATY DO ALFERES,60,112
PAU BRASIL,15,31
PAU D'ARCO,49,91
PAU D'ARCO DO PIAUÍ,16,35
PAU DOS FERROS,32,55
PAUDALHO,39,82
PAUINI,35,74
PAULA CÂNDIDO,34,71
PAULA FREITAS,28,50
PAULICÉIA,17,31
PAULINO NEVES,21,38
PAULISTA,107,209
PAULISTANA,16,26
PAULISTAS,21,46
PAULISTÂNIA,11,25
PAULO AFONSO,75,148
PAULO BENTO,19,39
PAULO DE FARIA,27,43
PAULO FRONTIN,28,61
PAULO JACINTO,10,20
PAULO LOPES,16,32
PAULO RAMOS,13,24
PAULÍNIA,116,213
PAVERAMA,26,42
PAVUSSU,5,15
PAVÃO,13,30
PAÇO DO LUMIAR,101,179
PEABIRU,26,54
PEDERNEIRAS,46,90
PEDRA,14,33
PEDRA AZUL,32,63
PEDRA BELA,20,43
PEDRA BONITA,14,31
PEDRA BRANCA,25,51
PEDRA BRANCA DO AMAPARI,23,42
PEDRA DO ANTA,12,29
PEDRA DO INDAIÁ,17,34
PEDRA DOURADA,16,43
PEDRA GRANDE,7,20
PEDRA LAVRADA,8,13
PEDRA MOLE,8,20
PEDRA PRETA,54,92
PEDRALVA,27,57
PEDRANÓPOLIS,14,22
PEDRAS ALTAS,10,15
PEDRAS DE FOGO,23,48
PEDRAS DE MARIA DA CRUZ,24,45
PEDRAS GRANDES,13,29
PEDREGULHO,33,69
PEDREIRA,41,74
PEDREIRAS,46,90
PEDRINHAS,17,34
PEDRINHAS PAULISTA,15,19
PEDRINÓPOLIS,9,18
PEDRO AFONSO,13,30
PEDRO ALEXANDRE,15,33
PEDRO AVELINO,13,23
PEDRO CANÁRIO,29,65
PEDRO DE TOLEDO,29,63
PEDRO DO ROSÁRIO,20,29
PEDRO GOMES,21,46
PEDRO II,14,24
PEDRO LAURENTINO,7,15
PEDRO LEOPOLDO,45,90
PEDRO OSÓRIO,18,40
PEDRO RÉGIS,12,21
PEDRO TEIXEIRA,5,13
PEDRO VELHO,16,31
PEDRÃO,19,43
PEIXE,17,37
PEIXE-BOI,20,41
PEIXOTO DE AZEVEDO,46,97
PEJUÇARA,9,14
PELOTAS,94,173
PENAFORTE,15,32
PENALVA,30,58
PENDÊNCIAS,14,17
PENEDO,37,79
PENHA,54,94
PENTECOSTE,33,64
PENÁPOLIS,63,119
PEQUERI,12,26
PEQUI,14,32
PEQUIZEIRO,17,30
PERDIGÃO,19,32
PERDIZES,33,65
PERDÕES,38,87
PEREIRA BARRETO,57,115
PEREIRAS,23,48
PEREIRO,7,17
PERI MIRIM,32,66
PERIQUITO,22,46
PERITIBA,9,12
PERITORÓ,38,64
PEROBAL,15,37
PEROLÂNDIA,7,5
PERUÍBE,94,190
PESCADOR,17,27
PESCARIA BRAVA,19,35
PESQUEIRA,50,101
PETROLINA,91,174
PETROLINA DE GOIÁS,22,49
PETROLÂNDIA,37,71
PETRÓPOLIS,89,191
PEÇANHA,25,48
PIACATU,17,27
PIANCÓ,15,26
PIATÃ,14,29
PIAU,23,41
PIAÇABUÇU,24,53
PICADA CAFÉ,13,26
PICOS,36,72
PICUÍ,20,37
PIEDADE,62,116
PIEDADE DE CARATINGA,22,43
PIEDADE DE PONTE NOVA,21,43
PIEDADE DO RIO GRANDE,15,30
PIEDADE DOS GERAIS,17,28
PILAR,50,86
PILAR DE GOIÁS,10,25
PILAR DO SUL,45,82
PILÃO ARCADO,19,43
PILÕES,14,27
PILÕEZINHOS,11,22
PIMENTA,10,24
PIMENTA BUENO,45,81
PIMENTEIRAS,17,28
PIMENTEIRAS DO OESTE,18,35
PINDAMONHANGABA,83,154
PINDARÉ-MIRIM,35,62
PINDAÍ,10,20
PINDOBA,6,18
PINDOBAÇU,26,52
PINDORAMA,30,63
PINDORAMA DO TOCANTINS,10,26
PINDORETAMA,24,40
PINGO D'ÁGUA,13,27
PINHAIS,72,136
PINHAL,9,19
PINHAL DA SERRA,9,20
PINHAL DE SÃO BENTO,19,38
PINHAL GRANDE,11,26
PINHALZINHO,57,113
PINHALÃO,23,42
PINHEIRAL,42,84
PINHEIRINHO DO VALE,11,18
PINHEIRO,79,147
PINHEIRO MACHADO,17,39
PINHEIRO PRETO,18,33
PINHEIROS,39,86
PINHÃO,58,114
PINTADAS,7,16
PINTO BANDEIRA,14,19
PINTÓPOLIS,18,45
PIO IX,10,21
PIO XII,15,32
PIQUEROBI,12,15
PIQUET CARNEIRO,14,28
PIQUETE,40,78
PIRACAIA,41,81
PIRACANJUBA,49,83
PIRACEMA,18,36
PIRACICABA,158,289
PIRACURUCA,15,30
PIRAJU,40,69
PIRAJUBA,13,20
PIRAJUÍ,50,101
PIRAMBU,23,33
PIRANGA,18,40
PIRANGI,21,44
PIRANGUINHO,27,51
PIRANGUÇU,17,37
PIRANHAS,43,86
PIRAPEMAS,25,50
PIRAPETINGA,18,46
PIRAPORA,77,147
PIRAPORA DO BOM JESUS,51,100
PIRAPOZINHO,36,73
PIRAPÓ,9,15
PIRAQUARA,69,127
PIRAQUÊ,11,25
PIRASSUNUNGA,75,148
PIRATINI,17,40
PIRATININGA,28,54
PIRATUBA,15,29
PIRAÍ,66,114
PIRAÍ DO NORTE,14,35
PIRAÍ DO SUL,29,59
PIRAÚBA,22,50
PIRENÓPOLIS,37,77
PIRES DO RIO,45,90
PIRES FERREIRA,14,17
PIRIPIRI,34,74
PIRIPÁ,16,34
PIRITIBA,25,47
PIRPIRITUBA,16,32
PITANGA,41,73
PITANGUEIRAS,67,144
PITANGUI,31,52
PITIMBU,21,43
PIUM,12,32
PIUMHI,21,53
PIÇARRA,19,38
PIÊN,33,70
PIÚMA,38,72
PLACAS,27,57
PLANALTINA,89,163
PLANALTINA DO PARANÁ,12,25
PLANALTINO,15,29
PLANALTO,75,143
PLANALTO ALEGRE,10,14
PLANALTO DA SERRA,16,34
PLANURA,28,48
PLATINA,16,33
PLÁCIDO DE CASTRO,24,44
POCINHOS,22,39
POCONÉ,40,68
POCRANE,26,56
POJUCA,51,92
POLONI,16,32
POMBAL,19,40
POMBOS,30,70
POMERODE,25,60
POMPÉIA,29,50
POMPÉU,37,68
PONGAÍ,6,17
PONTA DE PEDRAS,46,74
PONTA GROSSA,124,241
PONTA PORÃ,57,103
PONTAL,48,87
PONTAL DO ARAGUAIA,13,26
PONTAL DO PARANÁ,69,107
PONTALINA,29,57
PONTALINDA,6,18
PONTE ALTA,23,40
PONTE ALTA DO BOM JESUS,14,27
PONTE ALTA DO NORTE,16,28
PONTE ALTA DO TOCANTINS,20,38
PONTE BRANCA,7,15
PONTE NOVA,68,123
PONTE PRETA,9,15
PONTE SERRADA,21,40
PONTES E LACERDA,44,87
PONTES GESTAL,18,38
PONTO BELO,24,47
PONTO CHIQUE,13,32
PONTO DOS VOLANTES,19,40
PONTO NOVO,30,56
PONTÃO,8,18
POPULINA,15,38
PORANGA,14,21
PORANGABA,26,55
PORANGATU,47,82
PORCIÚNCULA,31,66
PORECATU,31,65
PORTALEGRE,12,24
PORTEIRAS,10,25
PORTEIRINHA,55,104
PORTEIRÃO,23,36
PORTEL,52,93
PORTELÂNDIA,10,17
PORTO,17,33
PORTO ACRE,38,69
PORTO ALEGRE,182,345
PORTO ALEGRE DO NORTE,18,44
PORTO ALEGRE DO PIAUÍ,7,17
PORTO ALEGRE DO TOCANTINS,15,34
PORTO AMAZONAS,22,53
PORTO BARREIRO,14,25
PORTO BELO,24,46
PORTO CALVO,19,37
PORTO DA FOLHA,23,47
PORTO DE MOZ,42,82
PORTO DE PEDRAS,17,38
PORTO DO MANGUE,15,20
PORTO DOS GAÚCHOS,19,33
PORTO ESPERIDIÃO,26,51
PORTO ESTRELA,19,30
PORTO FELIZ,70,126
PORTO FERREIRA,59,118
PORTO FIRME,13,30
PORTO FRANCO,19,30
PORTO GRANDE,35,56
PORTO LUCENA,9,19
PORTO MAUÁ,9,21
PORTO MURTINHO,33,47
PORTO NACIONAL,66,141
PORTO REAL,54,110
PORTO REAL DO COLÉGIO,16,36
PORTO RICO,15,29
PORTO RICO DO MARANHÃO,14,30
PORTO SEGURO,115,227
PORTO UNIÃO,38,75
PORTO VELHO,160,284
PORTO VERA CRUZ,11,19
PORTO VITÓRIA,18,30
PORTO WALTER,25,45
PORTO XAVIER,9,21
PORTÃO,26,50
POSSE,44,84
POTENGI,14,22
POTIM,42,91
POTIRAGUÁ,24,51
POTIRENDABA,33,53
POTIRETAMA,8,15
POTÉ,22,57
POUSO ALEGRE,65,132
POUSO ALTO,13,30
POUSO NOVO,10,18
POUSO REDONDO,22,43
POXORÉU,32,62
POÁ,87,155
POÇO BRANCO,14,27
POÇO DANTAS,4,8
POÇO DAS ANTAS,8,13
POÇO DAS TRINCHEIRAS,22,35
POÇO DE JOSÉ DE MOURA,13,16
POÇO FUNDO,27,49
POÇO REDONDO,21,38
POÇO VERDE,20,40
POÇOS DE CALDAS,90,179
POÇÃO,9,16
POÇÃO DE PEDRAS,17,25
POÇÕES,49,91
PRACINHA,15,29
PRACUÚBA,20,43
PRADO,62,115
PRADO FERREIRA,13,30
PRADOS,10,24
PRADÓPOLIS,32,73
PRAIA GRANDE,132,243
PRAIA NORTE,15,31
PRAINHA,35,63
PRANCHITA,11,26
PRATA,49,102
PRATA DO PIAUÍ,14,29
PRATINHA,18,36
PRATÁPOLIS,23,44
PRATÂNIA,32,69
PRESIDENTE ALVES,15,29
PRESIDENTE BERNARDES,52,116
PRESIDENTE CASTELLO BRANCO,11,18
PRESIDENTE CASTELO BRANCO,19,37
PRESIDENTE DUTRA,38,72
PRESIDENTE EPITÁCIO,82,153
PRESIDENTE FIGUEIREDO,87,141
PRESIDENTE GETÚLIO,26,42
PRESIDENTE JUSCELINO,38,75
PRESIDENTE JÂNIO QUADROS,15,29
PRESIDENTE KENNEDY,36,80
PRESIDENTE KUBITSCHEK,19,33
PRESIDENTE LUCENA,9,18
PRESIDENTE MÉDICI,49,85
PRESIDENTE NEREU,10,23
PRESIDENTE OLEGÁRIO,27,52
PRESIDENTE PRUDENTE,85,144
PRESIDENTE SARNEY,29,54
PRESIDENTE TANCREDO NEVES,30,54
PRESIDENTE VARGAS,21,40
PRESIDENTE VENCESLAU,62,111
PRIMAVERA,31,61
PRIMAVERA DE RONDÔNIA,20,41
PRIMAVERA DO LESTE,69,129
PRIMEIRA CRUZ,15,39
PRIMEIRO DE MAIO,26,51
PRINCESA,14,21
PRINCESA ISABEL,16,27
PROFESSOR JAMIL,19,36
PROGRESSO,8,19
PROMISSÃO,76,130
PROPRIÁ,36,72
PROTÁSIO ALVES,7,15
PRUDENTE DE MORAIS,28,64
PRUDENTÓPOLIS,46,88
PUGMIL,11,22
PUREZA,17,33
PUTINGA,9,17
PUXINANÃ,16,27
PÃO DE AÇÚCAR,20,39
PÉ DE SERRA,13,24
PÉROLA,20,39
PÉROLA D'OESTE,9,23
QUADRA,14,26
QUARAÍ,51,83
QUARTEL GERAL,27,48
QUARTO CENTENÁRIO,18,36
QUATIGUÁ,13,26
QUATIPURU,21,53
QUATIS,39,63
QUATRO BARRAS,27,51
QUATRO IRMÃOS,13,26
QUATRO PONTES,13,27
QUATÁ,23,51
QUEBRANGULO,11,30
QUEDAS DO IGUAÇU,56,92
QUEIMADA NOVA,10,24
QUEIMADAS,67,138
QUEIMADOS,125,255
QUEIROZ,10,22
QUELUZ,31,57
QUELUZITO,11,24
QUERÊNCIA,34,64
QUERÊNCIA DO NORTE,26,46
QUEVEDOS,15,24
QUIJINGUE,13,24
QUILOMBO,18,38
QUINTA DO SOL,15,41
QUINTANA,17,33
QUINZE DE NOVEMBRO,12,24
QUIPAPÁ,17,31
QUIRINÓPOLIS,53,101
QUISSAMÃ,40,78
QUITANDINHA,24,53
QUITERIANÓPOLIS,11,21
QUIXABA,12,34
QUIXABEIRA,6,16
QUIXADÁ,49,87
QUIXELÔ,14,26
QUIXERAMOBIM,44,79
QUIXERÉ,20,26
RAFAEL FERNANDES,6,12
RAFAEL GODEIRO,7,10
RAFAEL JAMBEIRO,17,35
RAFARD,16,39
RAMILÂNDIA,20,30
RANCHARIA,52,93
RANCHO ALEGRE,10,23
RANCHO ALEGRE D'OESTE,9,22
RANCHO QUEIMADO,19,26
RAPOSA,41,71
RAPOSOS,69,133
RAUL SOARES,53,95
REALEZA,28,47
REBOUÇAS,28,50
RECIFE,186,345
RECREIO,16,38
RECURSOLÂNDIA,8,23
REDENTORA,17,35
REDENÇÃO,95,165
REDENÇÃO DA SERRA,21,50
REDENÇÃO DO GURGUÉIA,8,19
REDUTO,32,57
REGENERAÇÃO,18,38
REGENTE FEIJÓ,29,56
REGINÓPOLIS,19,45
REGISTRO,72,116
RELVADO,6,16
REMANSO,31,56
REMÍGIO,25,39
RENASCENÇA,13,15
RERIUTABA,8,18
RESENDE,104,210
RESENDE COSTA,15,38
RESERVA,34,68
RESERVA DO CABAÇAL,13,21
RESERVA DO IGUAÇU,18,40
RESPLENDOR,36,62
RESSAQUINHA,27,53
RESTINGA,25,53
RESTINGA SÊCA,14,31
RETIROLÂNDIA,16,30
RIACHINHO,32,63
RIACHO DA CRUZ,3,9
RIACHO DAS ALMAS,14,30
RIACHO DE SANTANA,21,52
RIACHO DE SANTO ANTÔNIO,12,22
RIACHO DOS CAVALOS,6,16
RIACHO DOS MACHADOS,19,36
RIACHO FRIO,8,18
RIACHUELO,29,61
RIACHÃO,25,44
RIACHÃO DAS NEVES,40,76
RIACHÃO DO BACAMARTE,7,19
RIACHÃO DO DANTAS,23,46
RIACHÃO DO JACUÍPE,26,61
RIACHÃO DO POÇO,14,22
RIALMA,19,41
RIANÁPOLIS,9,21
RIBAMAR FIQUENE,13,27
RIBAS DO RIO PARDO,32,64
RIBEIRA,20,37
RIBEIRA DO AMPARO,7,17
RIBEIRA DO PIAUÍ,6,16
RIBEIRA DO POMBAL,40,81
RIBEIRO GONÇALVES,8,20
RIBEIRÃO,51,81
RIBEIRÃO BONITO,37,72
RIBEIRÃO BRANCO,34,69
RIBEIRÃO CASCALHEIRA,36,67
RIBEIRÃO CLARO,25,51
RIBEIRÃO CORRENTE,26,47
RIBEIRÃO DAS NEVES,95,176
RIBEIRÃO DO LARGO,22,46
RIBEIRÃO DO PINHAL,23,55
RIBEIRÃO DO SUL,19,33
RIBEIRÃO DOS ÍNDIOS,11,21
RIBEIRÃO GRANDE,15,34
RIBEIRÃO PIRES,77,139
RIBEIRÃO PRETO,133,278
RIBEIRÃO VERMELHO,14,26
RIBEIRÃOZINHO,10,18
RIBEIRÓPOLIS,8,20
RIFAINA,12,25
RINCÃO,21,41
RINÓPOLIS,18,29
RIO ACIMA,36,70
RIO AZUL,23,49
RIO BANANAL,27,58
RIO BOM,13,32
RIO BONITO,42,96
RIO BONITO DO IGUAÇU,28,57
RIO BRANCO,127,249
RIO BRANCO DO IVAÍ,13,27
RIO BRANCO DO SUL,34,69
RIO BRILHANTE,37,75
RIO CASCA,24,55
RIO CLARO,139,266
RIO CRESPO,17,29
RIO DA CONCEIÇÃO,12,18
RIO DAS ANTAS,25,37
RIO DAS FLORES,25,54
RIO DAS OSTRAS,98,198
RIO DAS PEDRAS,42,86
RIO DE CONTAS,10,20
RIO DE JANEIRO,338,701
RIO DO ANTÔNIO,10,22
RIO DO CAMPO,16,31
RIO DO FOGO,20,35
RIO DO OESTE,19,30
RIO DO PIRES,10,24
RIO DO PRADO,12,25
RIO DO SUL,58,98
RIO DOCE,15,28
RIO DOS BOIS,15,17
RIO DOS CEDROS,19,43
RIO DOS ÍNDIOS,6,14
RIO ESPERA,19,42
RIO FORMOSO,39,71
RIO FORTUNA,8,15
RIO GRANDE,94,190
RIO GRANDE DA SERRA,73,123
RIO GRANDE DO PIAUÍ,6,15
RIO LARGO,35,78
RIO MANSO,23,47
RIO MARIA,42,78
RIO NEGRINHO,43,89
RIO NEGRO,65,127
RIO NOVO,18,44
RIO NOVO DO SUL,20,45
RIO PARANAÍBA,20,42
RIO PARDO,41,75
RIO PARDO DE MINAS,22,47
RIO PIRACICABA,23,42
RIO POMBA,27,60
RIO PRETO,28,56
RIO PRETO DA EVA,50,91
RIO QUENTE,12,22
RIO REAL,25,48
RIO RUFINO,11,21
RIO SONO,10,17
RIO TINTO,19,37
RIO VERDE,107,216
RIO VERDE DE MATO GROSSO,41,63
RIO VERMELHO,23,51
RIOLÂNDIA,24,47
RIOZINHO,32,59
RIQUEZA,15,30
RITÁPOLIS,36,66
RIVERSUL,16,31
ROCA SALES,15,34
ROCHEDO,25,44
ROCHEDO DE MINAS,12,29
RODEIO,19,44
RODEIO BONITO,14,25
RODEIRO,23,45
RODELAS,18,24
RODOLFO FERNANDES,11,13
RODRIGUES ALVES,37,63
ROLADOR,7,10
ROLANTE,24,57
ROLIM DE MOURA,47,101
ROLÂNDIA,46,85
ROMARIA,13,27
ROMELÂNDIA,15,32
RONCADOR,29,52
RONDA ALTA,9,21
RONDINHA,6,15
RONDOLÂNDIA,11,26
RONDON,28,42
RONDON DO PARÁ,35,69
RONDONÓPOLIS,110,202
ROQUE GONZALES,6,18
RORAINÓPOLIS,46,77
ROSANA,51,106
ROSEIRA,32,68
ROSÁRIO,60,102
ROSÁRIO DA LIMEIRA,27,53
ROSÁRIO DO CATETE,23,48
ROSÁRIO DO IVAÍ,12,30
ROSÁRIO DO SUL,46,70
ROSÁRIO OESTE,34,55
ROTEIRO,9,16
RUBELITA,20,37
RUBIATABA,28,60
RUBIM,15,32
RUBINÉIA,31,53
RUBIÁCEA,17,29
RURÓPOLIS,41,69
RUSSAS,37,72
RUY BARBOSA,40,76
SABARÁ,89,169
SABINO,15,32
SABINÓPOLIS,29,62
SABOEIRO,15,24
SABÁUDIA,41,62
SACRAMENTO,28,60
SAGRADA FAMÍLIA,14,23
SAGRES,10,24
SAIRÉ,9,24
SALDANHA MARINHO,9,21
SALES,19,38
SALES OLIVEIRA,16,35
SALESÓPOLIS,36,81
SALETE,9,20
SALGADINHO,15,28
SALGADO,42,70
SALGADO DE SÃO FÉLIX,16,35
SALGADO FILHO,16,32
SALGUEIRO,41,88
SALINAS,37,77
SALINAS DA MARGARIDA,42,80
SALINÓPOLIS,57,109
SALITRE,19,35
SALMOURÃO,16,31
SALOÁ,18,41
SALTINHO,32,65
SALTO,81,152
SALTO DA DIVISA,16,33
SALTO DE PIRAPORA,38,89
SALTO DO CÉU,12,25
SALTO DO ITARARÉ,20,42
SALTO DO JACUÍ,19,33
SALTO DO LONTRA,16,25
SALTO GRANDE,29,58
SALTO VELOSO,10,16
SALVADOR,281,564
SALVADOR DAS MISSÕES,9,16
SALVADOR DO SUL,15,24
SALVATERRA,43,79
SAMBAÍBA,7,14
SAMPAIO,22,37
SANANDUVA,18,36
SANCLERLÂNDIA,13,32
SANDOLÂNDIA,8,21
SANDOVALINA,18,40
SANGÃO,11,25
SANHARÓ,17,34
SANT'ANA DO LIVRAMENTO,54,105
SANTA ADÉLIA,23,48
SANTA ALBERTINA,8,20
SANTA AMÉLIA,9,26
SANTA BRANCA,28,71
SANTA BRÍGIDA,13,23
SANTA BÁRBARA,90,167
SANTA BÁRBARA D'OESTE,99,197
SANTA BÁRBARA DE GOIÁS,9,19
SANTA BÁRBARA DO LESTE,21,43
SANTA BÁRBARA DO MONTE VERDE,19,42
SANTA BÁRBARA DO PARÁ,41,83
SANTA BÁRBARA DO SUL,14,29
SANTA BÁRBARA DO TUGÚRIO,15,29
SANTA CARMEM,10,17
SANTA CECÍLIA,61,99
SANTA CECÍLIA DO PAVÃO,13,31
SANTA CECÍLIA DO SUL,9,15
SANTA CLARA D'OESTE,9,22
SANTA CLARA DO SUL,18,36
SANTA CRUZ,43,65
SANTA CRUZ CABRÁLIA,50,92
SANTA CRUZ DA BAIXA VERDE,24,39
SANTA CRUZ DA CONCEIÇÃO,17,35
SANTA CRUZ DA ESPERANÇA,19,29
SANTA CRUZ DA VITÓRIA,9,19
SANTA CRUZ DAS PALMEIRAS,41,86
SANTA CRUZ DE GOIÁS,15,30
SANTA CRUZ DE MINAS,20,43
SANTA CRUZ DE MONTE CASTELO,19,38
SANTA CRUZ DE SALINAS,10,22
SANTA CRUZ DO ARARI,14,20
SANTA CRUZ DO CAPIBARIBE,52,105
SANTA CRUZ DO ESCALVADO,23,52
SANTA CRUZ DO PIAUÍ,7,16
SANTA CRUZ DO RIO PARDO,51,87
SANTA CRUZ DO SUL,73,133
SANTA CRUZ DO XINGU,10,24
SANTA CRUZ DOS MILAGRES,8,22
SANTA EFIGÊNIA DE MINAS,22,40
SANTA ERNESTINA,19,41
SANTA FILOMENA,26,56
SANTA FILOMENA DO MARANHÃO,18,23
SANTA FÉ,37,69
SANTA FÉ DE GOIÁS,11,23
SANTA FÉ DE MINAS,13,26
SANTA FÉ DO ARAGUAIA,25,42
SANTA FÉ DO SUL,27,58
SANTA GERTRUDES,30,66
SANTA HELENA,62,109
SANTA HELENA DE GOIÁS,51,94
SANTA HELENA DE MINAS,11,21
SANTA INÊS,110,227
SANTA ISABEL,105,191
SANTA ISABEL DO IVAÍ,18,41
SANTA ISABEL DO PARÁ,72,139
SANTA ISABEL DO RIO NEGRO,33,58
SANTA IZABEL DO OESTE,23,43
SANTA JULIANA,39,69
SANTA LEOPOLDINA,25,47
SANTA LUZ,13,26
SANTA LUZIA,191,392
SANTA LUZIA D'OESTE,13,31
SANTA LUZIA DO ITANHY,23,49
SANTA LUZIA DO NORTE,20,34
SANTA LUZIA DO PARUÁ,18,35
SANTA LUZIA DO PARÁ,18,32
SANTA LÚCIA,23,47
SANTA MARGARIDA,27,54
SANTA MARGARIDA DO SUL,10,23
SANTA MARIA,112,210
SANTA MARIA DA BOA VISTA,25,52
SANTA MARIA DA SERRA,16,32
SANTA MARIA DA VITÓRIA,30,63
SANTA MARIA DAS BARREIRAS,33,49
SANTA MARIA DE ITABIRA,29,56
SANTA MARIA DE JETIBÁ,44,91
SANTA MARIA DO CAMBUCÁ,15,33
SANTA MARIA DO HERVAL,19,30
SANTA MARIA DO OESTE,24,53
SANTA MARIA DO PARÁ,40,57
SANTA MARIA DO SALTO,14,29
SANTA MARIA DO SUAÇUÍ,24,57
SANTA MARIA DO TOCANTINS,7,14
SANTA MARIA MADALENA,33,59
SANTA MARIANA,24,51
SANTA MERCEDES,22,43
SANTA MÔNICA,16,33
SANTA QUITÉRIA,31,57
SANTA QUITÉRIA DO MARANHÃO,13,28
SANTA RITA,152,297
SANTA RITA D'OESTE,17,34
SANTA RITA DE CALDAS,12,28
SANTA RITA DE CÁSSIA,29,59
SANTA RITA DE IBITIPOCA,11,27
SANTA RITA DE JACUTINGA,23,40
SANTA RITA DE MINAS,27,55
SANTA RITA DO ARAGUAIA,24,56
SANTA RITA DO ITUETO,13,31
SANTA RITA DO NOVO DESTINO,12,32
SANTA RITA DO PARDO,15,18
SANTA RITA DO PASSA QUATRO,47,77
SANTA RITA DO SAPUCAÍ,64,128
SANTA RITA DO TOCANTINS,11,20
SANTA RITA DO TRIVELATO,12,24
SANTA ROSA,42,83
SANTA ROSA DA SERRA,11,23
SANTA ROSA DE GOIÁS,27,39
SANTA ROSA DE LIMA,22,48
SANTA ROSA DE VITERBO,48,85
SANTA ROSA DO PIAUÍ,6,17
SANTA ROSA DO PURUS,21,47
SANTA ROSA DO SUL,15,34
SANTA ROSA DO TOCANTINS,10,23
SANTA SALETE,11,18
SANTA TERESA,46,89
SANTA TERESINHA,6,14
SANTA TEREZA,8,10
SANTA TEREZA DE GOIÁS,7,17
SANTA TEREZA DO OESTE,25,54
SANTA TEREZA DO TOCANTINS,9,20
SANTA TEREZINHA,53,111
SANTA TEREZINHA DE GOIÁS,18,37
SANTA TEREZINHA DE ITAIPU,30,56
SANTA TEREZINHA DO PROGRESSO,13,24
SANTA TEREZINHA DO TOCANTINS,7,17
SANTA VITÓRIA,23,47
SANTA VITÓRIA DO PALMAR,46,61
SANTALUZ,28,58
SANTANA,98,178
SANTANA DA BOA VISTA,17,34
SANTANA DA PONTE PENSA,7,17
SANTANA DA VARGEM,19,44
SANTANA DE CATAGUASES,22,45
SANTANA DE MANGUEIRA,6,11
SANTANA DE PARNAÍBA,96,194
SANTANA DE PIRAPAMA,19,38
SANTANA DO ACARAÚ,21,47
SANTANA DO ARAGUAIA,38,68
SANTANA DO CARIRI,19,34
SANTANA DO DESERTO,17,40
SANTANA DO GARAMBÉU,11,23
SANTANA DO IPANEMA,24,52
SANTANA DO ITARARÉ,14,32
SANTANA DO JACARÉ,17,37
SANTANA DO MANHUAÇU,29,65
SANTANA DO MARANHÃO,18,33
SANTANA DO MATOS,13,24
SANTANA DO MUNDAÚ,8,21
SANTANA DO PARAÍSO,51,99
SANTANA DO PIAUÍ,7,15
SANTANA DO RIACHO,12,24
SANTANA DO SERIDÓ,7,13
SANTANA DO SÃO FRANCISCO,17,34
SANTANA DOS GARROTES,9,17
SANTANA DOS MONTES,12,28
SANTANÓPOLIS,21,38
SANTARÉM,123,234
SANTARÉM NOVO,14,29
SANTIAGO,35,58
SANTIAGO DO SUL,7,18
SANTO AFONSO,11,22
SANTO AMARO,88,169
SANTO AMARO DA IMPERATRIZ,39,87
SANTO AMARO DAS BROTAS,28,43
SANTO AMARO DO MARANHÃO,30,55
SANTO ANASTÁCIO,40,79
SANTO ANDRÉ,165,341
SANTO ANTONIO DO CAIUÁ,14,35
SANTO ANTÔNIO,18,34
SANTO ANTÔNIO DA ALEGRIA,21,44
SANTO ANTÔNIO DA BARRA,18,33
SANTO ANTÔNIO DA PATRULHA,27,49
SANTO ANTÔNIO DA PLATINA,61,114
SANTO ANTÔNIO DAS MISSÕES,11,26
SANTO ANTÔNIO DE GOIÁS,33,66
SANTO ANTÔNIO DE JESUS,75,153
SANTO ANTÔNIO DE LISBOA,6,18
SANTO ANTÔNIO DE POSSE,37,73
SANTO ANTÔNIO DE PÁDUA,54,105
SANTO ANTÔNIO DO AMPARO,34,69
SANTO ANTÔNIO DO ARACANGUÁ,26,49
SANTO ANTÔNIO DO AVENTUREIRO,8,25
SANTO ANTÔNIO DO DESCOBERTO,79,145
SANTO ANTÔNIO DO GRAMA,21,45
SANTO ANTÔNIO DO ITAMBÉ,13,28
SANTO ANTÔNIO DO IÇÁ,30,60
SANTO ANTÔNIO DO JACINTO,20,43
SANTO ANTÔNIO DO JARDIM,15,34
SANTO ANTÔNIO DO LESTE,18,36
SANTO ANTÔNIO DO LEVERGER,28,50
SANTO ANTÔNIO DO MONTE,26,57
SANTO ANTÔNIO DO PALMA,15,26
SANTO ANTÔNIO DO PARAÍSO,7,16
SANTO ANTÔNIO DO PINHAL,19,36
SANTO ANTÔNIO DO PLANALTO,15,21
SANTO ANTÔNIO DO RETIRO,19,34
SANTO ANTÔNIO DO RIO ABAIXO,14,33
SANTO ANTÔNIO DO SUDOESTE,20,35
SANTO ANTÔNIO DO TAUÁ,68,128
SANTO ANTÔNIO DOS LOPES,21,27
SANTO ANTÔNIO DOS MILAGRES,6,13
SANTO AUGUSTO,19,32
SANTO CRISTO,11,20
SANTO ESTEVÃO,37,78
SANTO EXPEDITO,14,33
SANTO EXPEDITO DO SUL,11,14
SANTO HIPÓLITO,16,33
SANTO INÁCIO,13,29
SANTO INÁCIO DO PIAUÍ,7,17
SANTO ÂNGELO,46,105
SANTOS,128,234
SANTOS DUMONT,77,153
SANTÓPOLIS DO AGUAPEÍ,13,29
SAPEAÇU,20,42
SAPEZAL,35,72
SAPIRANGA,45,78
SAPOPEMA,12,26
SAPUCAIA,53,93
SAPUCAIA DO SUL,48,93
SAPUCAÍ-MIRIM,25,53
SAPÉ,40,85
SAQUAREMA,78,140
SARANDI,89,150
SARAPUÍ,26,58
SARDOÁ,34,60
SARUTAIÁ,20,43
SARZEDO,57,107
SATUBA,15,32
SATUBINHA,6,17
SAUBARA,29,67
SAUDADE DO IGUAÇU,15,32
SAUDADES,15,32
SAÚDE,24,46
SCHROEDER,33,60
SEABRA,36,67
SEARA,17,30
SEBASTIANÓPOLIS DO SUL,8,20
SEBASTIÃO BARROS,13,30
SEBASTIÃO LARANJEIRAS,11,24
SEBASTIÃO LEAL,9,14
SEBERI,10,22
SEDE NOVA,10,22
SEGREDO,10,20
SELBACH,8,18
SELVÍRIA,15,39
SEM PEIXE,12,29
SENA MADUREIRA,25,47
SENADOR ALEXANDRE COSTA,15,29
SENADOR AMARAL,12,27
SENADOR CANEDO,83,143
SENADOR CORTES,7,12
SENADOR ELÓI DE SOUZA,12,30
SENADOR FIRMINO,12,32
SENADOR GEORGINO AVELINO,5,12
SENADOR GUIOMARD,38,70
SENADOR JOSÉ BENTO,12,27
SENADOR JOSÉ PORFÍRIO,39,79
SENADOR LA ROCQUE,18,41
SENADOR MODESTINO GONÇALVES,16,33
SENADOR POMPEU,25,47
SENADOR RUI PALMEIRA,10,25
SENADOR SALGADO FILHO,11,21
SENADOR SÁ,11,13
SENGÉS,40,75
SENHOR DO BONFIM,59,116
SENHORA DE OLIVEIRA,12,26
SENHORA DO PORTO,19,27
SENHORA DOS REMÉDIOS,22,40
SENTINELA DO SUL,16,33
SENTO SÉ,30,55
SERAFINA CORRÊA,15,28
SERICITA,12,29
SERINGUEIRAS,22,47
SERITINGA,19,35
SEROPÉDICA,75,124
SERRA,131,271
SERRA ALTA,18,27
SERRA AZUL,28,56
SERRA AZUL DE MINAS,13,29
SERRA BRANCA,19,36
SERRA CAIADA,13,27
SERRA DA RAIZ,8,14
SERRA DA SAUDADE,7,15
SERRA DE SÃO BENTO,10,21
SERRA DO MEL,9,19
SERRA DO NAVIO,28,48
SERRA DO RAMALHO,33,68
SERRA DO SALITRE,19,42
SERRA DOS AIMORÉS,25,39
SERRA DOURADA,11,25
SERRA GRANDE,4,10
SERRA NEGRA,44,87
SERRA NEGRA DO NORTE,9,14
SERRA NOVA DOURADA,10,24
SERRA PRETA,28,60
SERRA REDONDA,10,26
SERRA TALHADA,55,103
SERRANA,41,69
SERRANIA,22,43
SERRANO DO MARANHÃO,19,32
SERRANOS,17,37
SERRANÓPOLIS,16,23
SERRANÓPOLIS DE MINAS,16,31
SERRANÓPOLIS DO IGUAÇU,10,14
SERRARIA,11,16
SERRINHA,90,167
SERRINHA DOS PINTOS,5,9
SERRITA,15,28
SERRO,34,58
SERROLÂNDIA,18,33
SERTANEJA,14,28
SERTANÓPOLIS,28,52
SERTÂNIA,28,53
SERTÃO,14,32
SERTÃO SANTANA,13,24
SERTÃOZINHO,86,191
SETE BARRAS,29,60
SETE DE SETEMBRO,10,17
SETE LAGOAS,101,209
SETE QUEDAS,27,53
SETUBINHA,26,54
SEVERIANO DE ALMEIDA,10,19
SEVERIANO MELO,9,20
SEVERÍNIA,19,35
SIDERÓPOLIS,15,35
SIDROLÂNDIA,53,96
SIGEFREDO PACHECO,10,21
SILVA JARDIM,26,52
SILVANÓPOLIS,15,33
SILVEIRA MARTINS,8,18
SILVEIRAS,25,46
SILVEIRÂNIA,19,42
SILVES,35,64
SILVIANÓPOLIS,18,48
SILVÂNIA,25,42
SIMOLÂNDIA,15,34
SIMONÉSIA,33,49
SIMPLÍCIO MENDES,9,21
SIMÃO DIAS,39,70
SIMÃO PEREIRA,17,27
SIMÕES,8,19
SIMÕES FILHO,103,185
SINIMBU,25,43
SINOP,75,135
SIQUEIRA CAMPOS,39,86
SIRINHAÉM,43,75
SIRIRI,15,28
SOBRADINHO,52,99
SOBRADO,21,41
SOBRAL,58,105
SOBRÁLIA,17,38
SOCORRO,56,101
SOCORRO DO PIAUÍ,7,14
SOLEDADE,42,92
SOLEDADE DE MINAS,19,25
SOLIDÃO,6,10
SOLONÓPOLE,14,30
SOLÂNEA,17,41
SOMBRIO,32,60
SONORA,28,43
SOORETAMA,32,74
SOROCABA,155,322
SORRISO,54,99
SOSSÊGO,7,17
SOURE,41,78
SOUSA,41,78
SOUTO SOARES,14,30
SUCUPIRA,7,10
SUCUPIRA DO NORTE,11,22
SUCUPIRA DO RIACHÃO,8,16
SUD MENNUCCI,22,42
SUL BRASIL,18,29
SULINA,14,28
SUMARÉ,143,273
SUMIDOURO,24,46
SUMÉ,24,53
SURUBIM,47,84
SUSSUAPARA,9,21
SUZANO,103,214
SUZANÁPOLIS,15,33
SÁTIRO DIAS,9,24
SÃO BENEDITO,19,37
SÃO BENEDITO DO RIO PRETO,28,58
SÃO BENEDITO DO SUL,15,28
SÃO BENTINHO,6,10
SÃO BENTO,61,108
SÃO BENTO ABADE,16,34
SÃO BENTO DO NORTE,6,16
SÃO BENTO DO SAPUCAÍ,25,60
SÃO BENTO DO SUL,42,66
SÃO BENTO DO TOCANTINS,17,27
SÃO BENTO DO TRAIRÍ,6,15
SÃO BENTO DO UNA,23,45
SÃO BERNARDINO,18,39
SÃO BERNARDO,23,44
SÃO BERNARDO DO CAMPO,190,388
SÃO BONIFÁCIO,10,17
SÃO BORJA,34,72
SÃO BRAZ DO PIAUÍ,7,14
SÃO BRÁS,12,29
SÃO BRÁS DO SUAÇUÍ,21,43
SÃO CAETANO DE ODIVELAS,35,61
SÃO CAETANO DO SUL,101,193
SÃO CAITANO,32,63
SÃO CARLOS,134,261
SÃO CARLOS DO IVAÍ,20,43
SÃO CRISTÓVÃO,67,129
SÃO CRISTÓVÃO DO SUL,16,33
SÃO DESIDÉRIO,24,43
SÃO DOMINGOS,68,151
SÃO DOMINGOS DAS DORES,23,43
SÃO DOMINGOS DO ARAGUAIA,16,33
SÃO DOMINGOS DO AZEITÃO,20,29
SÃO DOMINGOS DO CAPIM,22,51
SÃO DOMINGOS DO CARIRI,7,16
SÃO DOMINGOS DO MARANHÃO,13,28
SÃO DOMINGOS DO NORTE,28,45
SÃO DOMINGOS DO PRATA,30,65
SÃO DOMINGOS DO SUL,5,10
SÃO FELIPE,20,34
SÃO FELIPE D'OESTE,18,32
SÃO FERNANDO,5,11
SÃO FIDÉLIS,45,105
SÃO FRANCISCO,86,159
SÃO FRANCISCO DE ASSIS,15,31
SÃO FRANCISCO DE ASSIS DO PIAUÍ,7,16
SÃO FRANCISCO DE GOIÁS,16,32
SÃO FRANCISCO DE ITABAPOANA,46,82
SÃO FRANCISCO DE PAULA,56,111
SÃO FRANCISCO DE SALES,11,19
SÃO FRANCISCO DO BREJÃO,18,36
SÃO FRANCISCO DO CONDE,30,54
SÃO FRANCISCO DO GLÓRIA,19,42
SÃO FRANCISCO DO GUAPORÉ,26,53
SÃO FRANCISCO DO MARANHÃO,12,26
SÃO FRANCISCO DO OESTE,8,15
SÃO FRANCISCO DO PARÁ,20,37
SÃO FRANCISCO DO PIAUÍ,6,18
SÃO FRANCISCO DO SUL,59,103
SÃO FÉLIX,27,53
SÃO FÉLIX DE BALSAS,13,19
SÃO FÉLIX DE MINAS,19,43
SÃO FÉLIX DO ARAGUAIA,28,43
SÃO FÉLIX DO CORIBE,23,40
SÃO FÉLIX DO PIAUÍ,7,14
SÃO FÉLIX DO TOCANTINS,12,29
SÃO FÉLIX DO XINGU,37,70
SÃO GABRIEL,73,126
SÃO GABRIEL DA CACHOEIRA,47,90
SÃO GABRIEL DA PALHA,72,143
SÃO GABRIEL DO OESTE,36,61
SÃO GERALDO,27,60
SÃO GERALDO DA PIEDADE,13,31
SÃO GERALDO DO ARAGUAIA,30,63
SÃO GERALDO DO BAIXIO,16,32
SÃO GONÇALO,164,325
SÃO GONÇALO DO ABAETÉ,9,22
SÃO GONÇALO DO AMARANTE,125,232
SÃO GONÇALO DO GURGUÉIA,9,19
SÃO GONÇALO DO PARÁ,27,53
SÃO GONÇALO DO PIAUÍ,13,30
SÃO GONÇALO DO RIO ABAIXO,19,41
SÃO GONÇALO DO RIO PRETO,17,34
SÃO GONÇALO DO SAPUCAÍ,37,69
SÃO GONÇALO DOS CAMPOS,52,102
SÃO GOTARDO,53,107
SÃO JERÔNIMO,30,59
SÃO JERÔNIMO DA SERRA,18,40
SÃO JOAQUIM,19,38
SÃO JOAQUIM DA BARRA,44,76
SÃO JOAQUIM DE BICAS,71,135
SÃO JOAQUIM DO MONTE,15,30
SÃO JORGE,9,16
SÃO JORGE D'OESTE,17,34
SÃO JORGE DO IVAÍ,12,32
SÃO JORGE DO PATROCÍNIO,17,33
SÃO JOSÉ,89,175
SÃO JOSÉ DA BARRA,27,60
SÃO JOSÉ DA BELA VISTA,22,49
SÃO JOSÉ DA BOA VISTA,15,36
SÃO JOSÉ DA COROA GRANDE,54,105
SÃO JOSÉ DA LAGOA TAPADA,6,17
SÃO JOSÉ DA LAJE,12,22
SÃO JOSÉ DA LAPA,61,111
SÃO JOSÉ DA SAFIRA,15,37
SÃO JOSÉ DA TAPERA,24,46
SÃO JOSÉ DA VARGINHA,23,49
SÃO JOSÉ DA VITÓRIA,18,47
SÃO JOSÉ DAS MISSÕES,12,22
SÃO JOSÉ DAS PALMEIRAS,16,26
SÃO JOSÉ DE CAIANA,11,19
SÃO JOSÉ DE ESPINHARAS,10,19
SÃO JOSÉ DE MIPIBU,32,64
SÃO JOSÉ DE PIRANHAS,14,29
SÃO JOSÉ DE PRINCESA,10,20
SÃO JOSÉ DE RIBAMAR,113,223
SÃO JOSÉ DE UBÁ,17,33
SÃO JOSÉ DO ALEGRE,21,39
SÃO JOSÉ DO BARREIRO,27,53
SÃO JOSÉ DO BELMONTE,21,39
SÃO JOSÉ DO BONFIM,8,15
SÃO JOSÉ DO BREJO DO CRUZ,9,14
SÃO JOSÉ DO CALÇADO,26,58
SÃO JOSÉ DO CAMPESTRE,11,21
SÃO JOSÉ DO CEDRO,13,30
SÃO JOSÉ DO CERRITO,10,18
SÃO JOSÉ DO DIVINO,21,43
SÃO JOSÉ DO EGITO,27,47
SÃO JOSÉ DO GOIABAL,22,47
SÃO JOSÉ DO HERVAL,11,23
SÃO JOSÉ DO HORTÊNCIO,13,20
SÃO JOSÉ DO INHACORÁ,13,22
SÃO JOSÉ DO JACURI,19,33
SÃO JOSÉ DO JACUÍPE,13,27
SÃO JOSÉ DO MANTIMENTO,16,24
SÃO JOSÉ DO NORTE,28,55
SÃO JOSÉ DO OURO,16,30
SÃO JOSÉ DO PEIXE,11,20
SÃO JOSÉ DO PIAUÍ,7,10
SÃO JOSÉ DO POVO,15,27
SÃO JOSÉ DO RIO CLARO,28,55
SÃO JOSÉ DO RIO PARDO,67,122
SÃO JOSÉ DO RIO PRETO,131,247
SÃO JOSÉ DO SABUGI,7,12
SÃO JOSÉ DO SERIDÓ,6,15
SÃO JOSÉ DO SUL,11,18
SÃO JOSÉ DO VALE DO RIO PRETO,29,65
SÃO JOSÉ DO XINGU,14,34
SÃO JOSÉ DOS AUSENTES,14,23
SÃO JOSÉ DOS BASÍLIOS,9,19
SÃO JOSÉ DOS CAMPOS,131,243
SÃO JOSÉ DOS CORDEIROS,9,20
SÃO JOSÉ DOS PINHAIS,109,220
SÃO JOSÉ DOS QUATRO MARCOS,35,59
SÃO JOSÉ DOS RAMOS,9,22
SÃO JOÃO,33,67
SÃO JOÃO BATISTA,69,130
SÃO JOÃO BATISTA DO GLÓRIA,24,55
SÃO JOÃO D'ALIANÇA,16,28
SÃO JOÃO DA BALIZA,16,39
SÃO JOÃO DA BARRA,34,53
SÃO JOÃO DA BOA VISTA,87,181
SÃO JOÃO DA CANABRAVA,4,12
SÃO JOÃO DA FRONTEIRA,11,19
SÃO JOÃO DA LAGOA,18,44
SÃO JOÃO DA MATA,14,20
SÃO JOÃO DA PARAÚNA,6,16
SÃO JOÃO DA PONTA,47,81
SÃO JOÃO DA PONTE,31,64
SÃO JOÃO DA SERRA,9,15
SÃO JOÃO DA URTIGA,14,28
SÃO JOÃO DA VARJOTA,8,21
SÃO JOÃO DAS DUAS PONTES,18,26
SÃO JOÃO DAS MISSÕES,21,37
SÃO JOÃO DE IRACEMA,12,24
SÃO JOÃO DE MERITI,100,214
SÃO JOÃO DE PIRABAS,41,72
SÃO JOÃO DEL REI,75,142
SÃO JOÃO DO ARAGUAIA,28,44
SÃO JOÃO DO ARRAIAL,13,23
SÃO JOÃO DO CAIUÁ,17,33
SÃO JOÃO DO CARIRI,15,29
SÃO JOÃO DO CARÚ,14,32
SÃO JOÃO DO ITAPERIÚ,11,23
SÃO JOÃO DO IVAÍ,31,54
SÃO JOÃO DO JAGUARIBE,4,8
SÃO JOÃO DO MANHUAÇU,16,34
SÃO JOÃO DO MANTENINHA,13,25
SÃO JOÃO DO OESTE,17,30
SÃO JOÃO DO ORIENTE,13,30
SÃO JOÃO DO PACUÍ,15,32
SÃO JOÃO DO PARAÍSO,36,83
SÃO JOÃO DO PAU D'ALHO,9,17
SÃO JOÃO DO PIAUÍ,18,29
SÃO JOÃO DO POLÊSINE,11,24
SÃO JOÃO DO RIO DO PEIXE,10,25
SÃO JOÃO DO SABUGI,9,18
SÃO JOÃO DO SOTER,27,49
SÃO JOÃO DO SUL,19,32
SÃO JOÃO DO TIGRE,5,10
SÃO JOÃO DO TRIUNFO,28,59
SÃO JOÃO DOS PATOS,22,38
SÃO JOÃO EVANGELISTA,37,70
SÃO JOÃO NEPOMUCENO,54,106
SÃO JULIÃO,12,20
SÃO LEOPOLDO,72,115
SÃO LOURENÇO,64,116
SÃO LOURENÇO DA MATA,56,123
SÃO LOURENÇO DA SERRA,21,49
SÃO LOURENÇO DO OESTE,23,45
SÃO LOURENÇO DO PIAUÍ,6,13
SÃO LOURENÇO DO SUL,35,69
SÃO LUDGERO,15,34
SÃO LUIS DO PIAUÍ,9,24
SÃO LUIZ,12,29
SÃO LUIZ DO NORTE,12,24
SÃO LUIZ GONZAGA,38,67
SÃO LUÍS,177,343
SÃO LUÍS DE MONTES BELOS,43,81
SÃO LUÍS DO CURU,21,38
SÃO LUÍS DO PARAITINGA,39,82
SÃO LUÍS DO QUITUNDE,23,46
SÃO LUÍS GONZAGA DO MARANHÃO,32,58
SÃO MAMEDE,10,20
SÃO MANOEL DO PARANÁ,12,26
SÃO MANUEL,52,86
SÃO MARCOS,24,37
SÃO MARTINHO,16,30
SÃO MARTINHO DA SERRA,16,31
SÃO MATEUS,84,161
SÃO MATEUS DO MARANHÃO,48,81
SÃO MATEUS DO SUL,37,70
SÃO MIGUEL,16,32
SÃO MIGUEL ARCANJO,49,81
SÃO MIGUEL DA BAIXA GRANDE,12,21
SÃO MIGUEL DA BOA VISTA,9,21
SÃO MIGUEL DAS MATAS,14,35
SÃO MIGUEL DAS MISSÕES,11,23
SÃO MIGUEL DE TAIPU,8,15
SÃO MIGUEL DO ALEIXO,7,11
SÃO MIGUEL DO ANTA,22,48
SÃO MIGUEL DO ARAGUAIA,35,59
SÃO MIGUEL DO FIDALGO,9,14
SÃO MIGUEL DO GOSTOSO,14,27
SÃO MIGUEL DO GUAMÁ,42,86
SÃO MIGUEL DO GUAPORÉ,31,70
SÃO MIGUEL DO IGUAÇU,30,61
SÃO MIGUEL DO OESTE,50,86
SÃO MIGUEL DO PASSA QUATRO,19,29
SÃO MIGUEL DO TAPUIO,13,22
SÃO MIGUEL DO TOCANTINS,22,38
SÃO MIGUEL DOS CAMPOS,27,57
SÃO MIGUEL DOS MILAGRES,12,32
SÃO NICOLAU,7,15
SÃO PATRÍCIO,10,25
SÃO PAULO,351,672
SÃO PAULO DAS MISSÕES,10,15
SÃO PAULO DE OLIVENÇA,20,40
SÃO PAULO DO POTENGI,20,42
SÃO PEDRO,60,108
SÃO PEDRO DA ALDEIA,73,129
SÃO PEDRO DA CIPA,11,21
SÃO PEDRO DA SERRA,7,12
SÃO PEDRO DA UNIÃO,14,34
SÃO PEDRO DA ÁGUA BRANCA,14,29
SÃO PEDRO DAS MISSÕES,10,13
SÃO PEDRO DE ALCÂNTARA,15,31
SÃO PEDRO DO BUTIÁ,6,16
SÃO PEDRO DO IGUAÇU,18,34
SÃO PEDRO DO IVAÍ,24,47
SÃO PEDRO DO PARANÁ,12,27
SÃO PEDRO DO PIAUÍ,17,37
SÃO PEDRO DO SUAÇUÍ,19,48
SÃO PEDRO DO SUL,25,47
SÃO PEDRO DO TURVO,16,38
SÃO PEDRO DOS CRENTES,9,20
SÃO PEDRO DOS FERROS,28,58
SÃO RAFAEL,10,26
SÃO RAIMUNDO DAS MANGABEIRAS,24,42
SÃO RAIMUNDO DO DOCA BEZERRA,11,15
SÃO RAIMUNDO NONATO,30,56
SÃO ROBERTO,12,16
SÃO ROMÃO,25,57
SÃO ROQUE,75,164
SÃO ROQUE DE MINAS,13,30
SÃO ROQUE DO CANAÃ,19,43
SÃO SALVADOR DO TOCANTINS,9,25
SÃO SEBASTIÃO,98,208
SÃO SEBASTIÃO DA AMOREIRA,23,49
SÃO SEBASTIÃO DA BELA VISTA,13,30
SÃO SEBASTIÃO DA BOA VISTA,36,71
SÃO SEBASTIÃO DA GRAMA,36,66
SÃO SEBASTIÃO DA VARGEM ALEGRE,10,14
SÃO SEBASTIÃO DE LAGOA DE ROÇA,12,31
SÃO SEBASTIÃO DO ALTO,22,41
SÃO SEBASTIÃO DO ANTA,13,33
SÃO SEBASTIÃO DO CAÍ,30,63
SÃO SEBASTIÃO DO MARANHÃO,10,21
SÃO SEBASTIÃO DO OESTE,21,44
SÃO SEBASTIÃO DO PARAÍSO,44,84
SÃO SEBASTIÃO DO PASSÉ,79,129
SÃO SEBASTIÃO DO RIO PRETO,10,22
SÃO SEBASTIÃO DO RIO VERDE,19,31
SÃO SEBASTIÃO DO TOCANTINS,12,21
SÃO SEBASTIÃO DO UATUMÃ,31,59
SÃO SEBASTIÃO DO UMBUZEIRO,9,14
SÃO SEPÉ,29,58
SÃO SIMÃO,76,138
SÃO THOMÉ DAS LETRAS,32,64
SÃO TIAGO,21,41
SÃO TOMÁS DE AQUINO,20,41
SÃO TOMÉ,35,74
SÃO VALENTIM,18,26
SÃO VALENTIM DO SUL,12,24
SÃO VALÉRIO,23,40
SÃO VALÉRIO DO SUL,8,19
SÃO VENDELINO,16,25
SÃO VICENTE,87,167
SÃO VICENTE DE MINAS,17,29
SÃO VICENTE DO SERIDÓ,18,35
SÃO VICENTE DO SUL,11,26
SÃO VICENTE FERRER,23,48
SÃO VICENTE FÉRRER,12,30
SÉRIO,14,27
SÍTIO D'ABADIA,13,25
SÍTIO DO MATO,23,45
SÍTIO DO QUINTO,7,17
SÍTIO NOVO,26,42
SÍTIO NOVO DO TOCANTINS,6,14
TABAPORÃ,33,64
TABAPUÃ,23,51
TABATINGA,99,190
TABAÍ,18,29
TABIRA,20,34
TABOCAS DO BREJO VELHO,22,39
TABOCÃO,18,32
TABOLEIRO GRANDE,6,11
TABOÃO DA SERRA,101,177
TABULEIRO,19,38
TABULEIRO DO NORTE,29,40
TACAIMBÓ,17,28
TACARATU,20,44
TACIBA,24,43
TACIMA,8,15
TACURU,11,20
TAGUATINGA,21,46
TAGUAÍ,21,40
TAIAÇU,16,28
TAILÂNDIA,65,102
TAIOBEIRAS,34,66
TAIPAS DO TOCANTINS,15,25
TAIPU,22,41
TAIÓ,14,31
TAIÚVA,27,43
TALISMÃ,13,25
TAMANDARÉ,45,88
TAMARANA,21,44
TAMBAÚ,37,77
TAMBOARA,16,37
TAMBORIL,11,24
TAMBORIL DO PIAUÍ,9,17
TANABI,41,83
TANGARÁ,36,62
TANGARÁ DA SERRA,54,92
TANGUÁ,40,93
TANHAÇU,23,45
TANQUE D'ARCA,13,19
TANQUE DO PIAUÍ,11,21
TANQUE NOVO,11,26
TANQUINHO,30,65
TAPARUBA,13,29
TAPAUÁ,33,77
TAPEJARA,66,124
TAPERA,18,41
TAPEROÁ,41,81
TAPES,31,61
TAPIRA,42,69
TAPIRAMUTÁ,23,44
TAPIRATIBA,18,32
TAPIRAÍ,29,59
TAPURAH,21,44
TAQUARA,59,107
TAQUARAL,27,40
TAQUARAL DE GOIÁS,23,52
TAQUARANA,21,42
TAQUARAÇU DE MINAS,20,41
TAQUARI,25,45
TAQUARITINGA,53,111
TAQUARITINGA DO NORTE,30,60
TAQUARITUBA,39,71
TAQUARIVAÍ,19,45
TAQUARUSSU,10,23
TAQUARUÇU DO SUL,15,29
TARABAI,23,45
TARAUACÁ,54,105
TARRAFAS,8,20
TARTARUGALZINHO,27,55
TARUMIRIM,23,54
TARUMÃ,29,69
TASSO FRAGOSO,15,26
TATUÍ,93,170
TAUBATÉ,101,211
TAUÁ,21,41
TAVARES,16,30
TEFÉ,58,109
TEIXEIRA,23,39
TEIXEIRA DE FREITAS,110,244
TEIXEIRA SOARES,26,45
TEIXEIRAS,25,47
TEIXEIRÓPOLIS,20,36
TEJUPÁ,24,40
TEJUÇUOCA,21,40
TELHA,5,14
TELÊMACO BORBA,83,163
TENENTE ANANIAS,15,19
TENENTE LAURENTINO CRUZ,11,23
TENENTE PORTELA,20,36
TENÓRIO,14,30
TEODORO SAMPAIO,70,129
TEOFILÂNDIA,29,59
TEOLÂNDIA,16,25
TEOTÔNIO VILELA,29,58
TERENOS,33,63
TERESINA,163,338
TERESINA DE GOIÁS,13,31
TERESÓPOLIS,127,258
TEREZINHA,9,22
TEREZÓPOLIS DE GOIÁS,22,42
TERRA ALTA,31,67
TERRA BOA,30,56
TERRA DE AREIA,11,24
TERRA NOVA,40,90
TERRA NOVA DO NORTE,13,30
TERRA RICA,29,53
TERRA ROXA,70,127
TERRA SANTA,24,44
TESOURO,7,14
TEUTÔNIA,41,72
TEÓFILO OTONI,102,217
THEOBROMA,24,42
TIANGUÁ,35,65
TIBAGI,35,63
TIBAU,7,17
TIBAU DO SUL,23,45
TIETÊ,61,108
TIGRINHOS,11,22
TIJUCAS,30,59
TIJUCAS DO SUL,20,44
TIMBAÚBA,42,74
TIMBAÚBA DOS BATISTAS,8,12
TIMBIRAS,40,63
TIMBURI,23,40
TIMBÉ DO SUL,11,25
TIMBÓ,42,84
TIMBÓ GRANDE,29,63
TIMON,132,200
TIMÓTEO,72,150
TIO HUGO,12,20
TIRADENTES,32,65
TIRADENTES DO SUL,16,34
TIROS,14,28
TOBIAS BARRETO,31,59
TOCANTINS,39,63
TOCANTINÓPOLIS,28,55
TOCANTÍNIA,15,28
TOCOS DO MOJI,8,20
TOLEDO,97,200
TOMAR DO GERU,14,28
TOMAZINA,16,31
TOMBOS,16,36
TOMÉ-AÇU,61,121
TONANTINS,34,70
TORITAMA,37,68
TORIXORÉU,10,20
TOROPI,17,33
TORRE DE PEDRA,10,23
TORRES,52,88
TORRINHA,23,33
TOUROS,26,50
TRABIJU,11,28
TRACUATEUA,29,56
TRACUNHAÉM,25,43
TRAIPU,12,28
TRAIRI,25,53
TRAIRÃO,32,61
TRAJANO DE MORAES,34,73
TRAMANDAÍ,57,109
TRAVESSEIRO,4,11
TREMEDAL,16,32
TREMEMBÉ,59,102
TREVISO,12,31
TREZE DE MAIO,14,29
TREZE TÍLIAS,14,25
TRINDADE,105,221
TRINDADE DO SUL,11,28
TRIUNFO,51,110
TRIUNFO POTIGUAR,10,15
TRIZIDELA DO VALE,15,35
TROMBAS,15,18
TROMBUDO CENTRAL,13,31
TRÊS ARROIOS,13,23
TRÊS BARRAS,32,57
TRÊS BARRAS DO PARANÁ,31,63
TRÊS CACHOEIRAS,12,21
TRÊS CORAÇÕES,81,162
TRÊS COROAS,26,58
TRÊS DE MAIO,29,52
TRÊS FORQUILHAS,10,25
TRÊS FRONTEIRAS,19,34
TRÊS LAGOAS,65,109
TRÊS MARIAS,47,95
TRÊS PALMEIRAS,14,24
TRÊS PASSOS,27,53
TRÊS PONTAS,63,114
TRÊS RANCHOS,8,18
TRÊS RIOS,76,159
TUBARÃO,58,113
TUCANO,22,42
TUCUMÃ,48,94
TUCUNDUVA,18,30
TUCURUÍ,79,149
TUFILÂNDIA,15,33
TUIUTI,30,58
TUMIRITINGA,20,40
TUNAS,7,15
TUNAS DO PARANÁ,27,53
TUNEIRAS DO OESTE,25,51
TUNTUM,20,43
TUNÁPOLIS,12,19
TUPACIGUARA,38,72
TUPANATINGA,25,50
TUPANCI DO SUL,9,17
TUPANCIRETÃ,30,54
TUPANDI,8,17
TUPARENDI,15,27
TUPARETAMA,10,24
TUPI PAULISTA,37,66
TUPIRAMA,9,11
TUPIRATINS,9,13
TUPÃ,60,118
TUPÃSSI,15,34
TURIAÇU,30,56
TURILÂNDIA,22,44
TURIÚBA,12,25
TURMALINA,47,87
TURURU,30,58
TURUÇU,12,22
TURVELÂNDIA,15,33
TURVO,36,83
TURVOLÂNDIA,16,25
TURVÂNIA,8,19
TUTÓIA,54,98
UARINI,30,53
UAUÁ,18,39
UBAITABA,22,44
UBAJARA,32,50
UBAPORANGA,27,60
UBARANA,22,44
UBATUBA,79,147
UBATÃ,19,38
UBAÍ,14,29
UBAÍRA,25,52
UBERABA,142,268
UBERLÂNDIA,181,357
UBIRAJARA,20,44
UBIRATÃ,34,68
UBIRETAMA,13,21
UBÁ,88,167
UCHOA,18,40
UIBAÍ,18,34
UIRAMUTÃ,24,44
UIRAPURU,10,22
UIRAÚNA,17,22
ULIANÓPOLIS,37,65
UMARI,7,16
UMARIZAL,9,18
UMBAÚBA,40,58
UMBURANAS,12,26
UMBURATIBA,16,26
UMBUZEIRO,19,39
UMIRIM,22,42
UMUARAMA,45,91
UNA,40,77
UNAÍ,54,107
UNIFLOR,12,29
UNISTALDA,8,11
UNIÃO,35,71
UNIÃO DA SERRA,8,19
UNIÃO DA VITÓRIA,65,123
UNIÃO DE MINAS,10,21
UNIÃO DO OESTE,12,24
UNIÃO DO SUL,14,27
UNIÃO DOS PALMARES,42,89
UNIÃO PAULISTA,13,24
UPANEMA,12,25
URANDI,10,22
URAÍ,25,43
URBANO SANTOS,37,46
URU,13,22
URUANA,12,26
URUANA DE MINAS,15,31
URUARÁ,47,94
URUAÇU,55,88
URUBICI,19,33
URUBURETAMA,26,47
URUCARÁ,36,78
URUCUIA,32,54
URUCURITUBA,34,65
URUCÂNIA,35,77
URUGUAIANA,51,94
URUOCA,7,15
URUPEMA,15,19
URUPÁ,28,66
URUPÊS,18,39
URUSSANGA,25,53
URUTAÍ,21,38
URUÇUCA,38,71
URUÇUÍ,25,49
URÂNIA,13,29
UTINGA,29,56
VACARIA,49,104
VALE DE SÃO DOMINGOS,16,34
VALE DO ANARI,28,44
VALE DO PARAÍSO,22,46
VALE DO SOL,17,35
VALE REAL,15,29
VALE VERDE,15,24
VALENTE,19,33
VALENTIM GENTIL,24,60
VALENÇA,152,303
VALENÇA DO PIAUÍ,23,39
VALINHOS,92,172
VALPARAÍSO,39,77
VALPARAÍSO DE GOIÁS,107,172
VANINI,10,16
VARGEM,36,75
VARGEM ALEGRE,16,32
VARGEM ALTA,34,63
VARGEM BONITA,30,60
VARGEM GRANDE,32,60
VARGEM GRANDE DO RIO PARDO,9,20
VARGEM GRANDE DO SUL,72,129
VARGEM GRANDE PAULISTA,38,75
VARGEÃO,15,23
VARGINHA,99,190
VARJOTA,14,24
VARJÃO,17,35
VARJÃO DE MINAS,22,35
VARRE-SAI,22,49
VARZEDO,15,31
VARZELÂNDIA,29,57
VASSOURAS,41,78
VAZANTE,30,65
VENDA NOVA DO IMIGRANTE,38,80
VENHA-VER,7,14
VENTANIA,29,58
VENTUROSA,20,43
VENÂNCIO AIRES,58,117
VERA,27,48
VERA CRUZ,129,256
VERA CRUZ DO OESTE,24,44
VERA MENDES,10,15
VERANÓPOLIS,21,36
VERDEJANTE,13,26
VERDELÂNDIA,18,41
VEREDA,12,27
VEREDINHA,13,29
VERMELHO NOVO,19,45
VERTENTE DO LÉRIO,13,28
VERTENTES,17,34
VERÊ,12,26
VERÍSSIMO,11,27
VESPASIANO,91,175
VESPASIANO CORRÊA,11,20
VIADUTOS,13,25
VIAMÃO,108,198
VIANA,89,180
VIANÓPOLIS,29,51
VICENTE DUTRA,9,21
VICENTINA,18,32
VICENTINÓPOLIS,21,41
VICTOR GRAEFF,14,21
VICÊNCIA,24,47
VIDAL RAMOS,15,30
VIDEIRA,35,74
VIEIRAS,17,35
VIEIRÓPOLIS,8,15
VIGIA,41,82
VILA BELA DA SANTÍSSIMA TRINDADE,35,65
VILA BOA,20,38
VILA FLOR,7,16
VILA FLORES,12,19
VILA LÂNGARO,5,11
VILA MARIA,15,28
VILA NOVA DO PIAUÍ,10,18
VILA NOVA DO SUL,12,21
VILA NOVA DOS MARTÍRIOS,18,29
VILA PAVÃO,34,64
VILA PROPÍCIO,16,29
VILA RICA,30,61
VILA VALÉRIO,30,73
VILA VELHA,107,229
VILHENA,48,91
VINHEDO,74,132
VIRADOURO,19,44
VIRGEM DA LAPA,24,56
VIRGINÓPOLIS,23,52
VIRGOLÂNDIA,11,27
VIRGÍNIA,13,29
VIRMOND,21,40
VISCONDE DO RIO BRANCO,32,65
VISEU,41,71
VISTA ALEGRE,10,23
VISTA ALEGRE DO ALTO,19,37
VISTA ALEGRE DO PRATA,6,15
VISTA GAÚCHA,7,13
VISTA SERRANA,6,19
VITOR MEIRELES,15,28
VITORINO,29,49
VITORINO FREIRE,23,33
VITÓRIA,99,197
VITÓRIA BRASIL,7,16
VITÓRIA DA CONQUISTA,128,237
VITÓRIA DAS MISSÕES,11,15
VITÓRIA DE SANTO ANTÃO,65,141
VITÓRIA DO JARI,20,50
VITÓRIA DO MEARIM,46,91
VITÓRIA DO XINGU,18,43
VIÇOSA,85,165
VIÇOSA DO CEARÁ,29,58
VOLTA GRANDE,13,30
VOLTA REDONDA,123,241
VOTORANTIM,75,157
VOTUPORANGA,65,138
VÁRZEA,16,40
VÁRZEA ALEGRE,18,32
VÁRZEA BRANCA,10,24
VÁRZEA DA PALMA,41,80
VÁRZEA DA ROÇA,9,19
VÁRZEA DO POÇO,12,27
VÁRZEA GRANDE,123,238
VÁRZEA NOVA,15,23
VÁRZEA PAULISTA,58,109
WAGNER,19,43
WALL FERRAZ,7,19
WANDERLEY,12,28
WANDERLÂNDIA,15,29
WENCESLAU BRAZ,56,129
WENCESLAU GUIMARÃES,38,65
WESTFALIA,10,20
WITMARSUM,11,18
XAMBIOÁ,25,45
XAMBRÊ,17,35
XANGRI-LÁ,20,43
XANXERÊ,28,51
XAPURI,29,68
XAVANTINA,10,21
XAXIM,19,34
XEXÉU,16,26
XINGUARA,64,118
XIQUE-XIQUE,21,38
ZABELÊ,12,18
ZACARIAS,11,23
ZORTÉA,19,33
ZÉ DOCA,19,36
ÁGUA AZUL DO NORTE,26,54
ÁGUA BOA,56,117
ÁGUA BRANCA,41,80
ÁGUA CLARA,27,44
ÁGUA COMPRIDA,13,29
ÁGUA DOCE,18,30
ÁGUA DOCE DO MARANHÃO,15,26
ÁGUA DOCE DO NORTE,28,48
ÁGUA FRIA,20,47
ÁGUA FRIA DE GOIÁS,13,26
ÁGUA LIMPA,9,21
ÁGUA NOVA,7,16
ÁGUA PRETA,23,49
ÁGUA SANTA,11,18
ÁGUAS BELAS,30,53
ÁGUAS DA PRATA,32,51
ÁGUAS DE CHAPECÓ,14,27
ÁGUAS DE LINDÓIA,27,63
ÁGUAS DE SANTA BÁRBARA,27,59
ÁGUAS DE SÃO PEDRO,22,36
ÁGUAS FORMOSAS,36,77
ÁGUAS FRIAS,15,26
ÁGUAS LINDAS DE GOIÁS,101,194
ÁGUAS MORNAS,13,28
ÁGUAS VERMELHAS,12,32
ÁGUIA BRANCA,16,38
ÁLVARES FLORENCE,8,18
ÁLVARES MACHADO,25,53
ÁLVARO DE CARVALHO,12,26
ÁUREA,14,29
ÂNGULO,12,26
ÉRICO CARDOSO,14,31
ÓBIDOS,40,76
ÓLEO,18,34
